6th greedy qoe,6th HEFT energy cost,4th greedy run time cost,6th energy cost ,1th qoe ,4th energy cost ,2th greedy run time cost,4th HEFT run time cost,7th HEFT qoe,7th greedy energy cost,2th run time cost ,8th qoe ,3th HEFT qoe,8th greedy run time cost,7th HEFT run time cost,2th HEFT qoe,4th run time cost ,8th energy cost ,0th run time cost ,2th greedy qoe,5th greedy qoe,6th run time cost ,5th HEFT qoe,1th greedy energy cost,policy_loss,8th HEFT energy cost,0th greedy run time cost,7th energy cost ,2th energy cost ,1th HEFT energy cost,3th greedy run time cost,mean reward,3th greedy qoe,7th greedy run time cost,5th qoe ,8th HEFT run time cost,1th run time cost ,1th HEFT qoe,time_step,7th qoe ,4th greedy energy cost,0th qoe ,3th HEFT energy cost,2th qoe ,5th greedy run time cost,2th greedy energy cost,time_elapsed,7th run time cost ,policy_entropy,1th greedy run time cost,5th HEFT run time cost,7th HEFT energy cost,3th energy cost ,5th greedy energy cost,2th HEFT energy cost,3th greedy energy cost,3th qoe ,4th qoe ,5th energy cost ,4th HEFT energy cost,6th greedy run time cost,2th HEFT run time cost,0th greedy energy cost,5th HEFT energy cost,6th qoe ,4th HEFT qoe,5th run time cost ,8th greedy energy cost,value_loss,6th HEFT qoe,8th greedy qoe,0th greedy qoe,7th greedy qoe,0th energy cost ,8th run time cost ,8th HEFT qoe,4th greedy qoe,1th HEFT run time cost,3th HEFT run time cost,approxkl,3th run time cost ,clipfrac,6th greedy energy cost,0th HEFT qoe,time_one_episode,0th HEFT energy cost,0th HEFT run time cost,1th energy cost ,6th HEFT run time cost,1th greedy qoe
0.0,14216.577140344192,2154.7145264053343,14465.714800079018,0.1571119962593538,10656.685494871368,1394.4960449123382,1454.5292137459346,0.3021634116210721,20365.73695819092,1213.4081407933916,0.18202680360393075,0.2867365390672493,3662.96231757164,2043.4063558368682,0.2650062040896189,1849.851328419413,18511.935070583957,673.5804318189621,0.0,0.0,2491.17591584737,0.26047752363175253,6742.046593811036,0.014929256401956081,17620.752165519214,723.1429785346985,16080.94336713379,6905.461508287178,5299.6566014007785,1796.0528694820405,0.006094142161144591,0.0,3182.146399717331,0.17592745315019595,2391.006298803329,953.4209931953975,0.24646916147857273,1,0.18938721531181518,13790.172968994142,0.14943646857627702,8730.991672518092,0.1724610442405139,2463.6870020484926,8924.774687438965,1583.1581661701202,2623.364548539843,0.6198760271072388,1053.4447802829743,1719.989443877084,15223.331276192237,8865.77126316138,15767.596813110351,6933.037904044321,11494.73836468506,0.18873579376470392,0.18202715653161086,12214.668067832205,10589.116226925376,2910.466998529434,958.8250568994794,4628.115062622071,12393.27512173401,0.18225790277869766,0.27656914137528255,2154.6931064788278,23442.9588324585,0.0997001975774765,0.2883012990199177,0.0,0.0,0.0,3518.0285108408243,3089.0857524430407,0.29604739991846807,0.0,743.2030268492017,1194.9526574055808,0.0345471054315567,1517.4832880829404,0.19800697267055511,18626.98879058838,0.21988469893553556,1583.1581091880798,3743.1159115890277,533.2563111006873,5144.095208291844,1939.05790612466,0.0
0.004930631871114688,14216.577140344192,2105.6555255289077,14424.078569183046,0.18670744732450728,10371.166292805305,1318.713909345627,1454.5292137459346,0.3021634116210721,20348.31792787842,1201.5421404793603,0.18857558665825255,0.2867365390672493,3662.96231757164,2043.4063558368682,0.2650062040896189,1785.0253356400897,18503.869781304038,650.6727966638293,0.0518126014012961,0.012096125382528564,2443.2856393567495,0.26047752363175253,6263.043454030675,-0.007483258377760649,17620.752165519214,712.3498685088838,15940.28818082707,6601.252441226916,5299.6566014007785,1731.530627534049,0.005726003731963032,0.031238983353728367,3178.207581357956,0.19402898239665478,2391.006298803329,935.51095767825,0.24646916147857273,2,0.20080648830082082,13540.721054954856,0.1899380678967824,8730.991672518092,0.1962273168475526,2426.9813751820157,8419.31860723986,3019.105254173279,2567.95201195676,0.6450210213661194,992.6203228349686,1719.989443877084,15223.331276192237,8635.392102849339,15597.649795720172,6933.037904044321,11106.653684372122,0.20273509978276635,0.20774572468395758,11958.568476247387,10589.116226925376,2892.118165512085,958.8250568994794,4438.685701547067,12393.27512173401,0.1937073967753866,0.27656914137528255,2102.7838348578043,23442.9588324585,0.004971873946487904,0.2883012990199177,0.0,0.026745858899347028,0.001076831905534785,3272.4669300988553,3036.823312076297,0.29604739991846807,0.019659945658510678,743.2030268492017,1194.9526574055808,0.009479024447500706,1497.74555185645,0.14249001443386078,18544.753080429447,0.21988469893553556,1435.2555706501007,3743.1159115890277,533.2563111006873,4901.494374545397,1939.05790612466,0.061514754277966245
0.12760078024538682,14216.577140344192,1854.3260719882417,13778.671458709388,0.21783843861327593,9884.087136161108,1200.1302349443436,1454.5292137459346,0.3021634116210721,18220.891200896716,1171.4516754824772,0.2175553547142771,0.2867365390672493,3306.003366034917,2043.4063558368682,0.2650062040896189,1748.5627841438568,17657.445751984844,657.1100262680053,0.19372150125353568,0.13429861378171087,2375.591235473905,0.26047752363175253,4885.434001891393,-0.01868479698896408,17620.752165519214,650.492074120794,15274.000528435123,6139.288892494333,5299.6566014007785,1528.903650179318,0.006373126080742087,0.1767439858722911,2771.81972204222,0.22456611503293672,2391.006298803329,917.1570280105047,0.24646916147857273,3,0.2307713578079418,11342.791139645036,0.2058655091689622,8730.991672518092,0.2339485981738245,2154.152118167877,6643.259378000577,4466.918463230133,2479.406335236413,0.6683322191238403,922.4247939349583,1719.989443877084,15223.331276192237,8044.204181428811,13485.263756188922,6933.037904044321,9042.992514007372,0.24120406866460217,0.23483864712661254,11434.157261950511,10589.116226925376,2506.5455543830053,958.8250568994794,3255.8210592167,12393.27512173401,0.22312762143229367,0.27656914137528255,2045.7871072765076,21592.7703581335,0.004138047806918621,0.2883012990199177,0.08506756448214413,0.19034932906287405,0.10980686941508382,3096.073195774297,2964.560387708801,0.29604739991846807,0.1553666774166775,743.2030268492017,1194.9526574055808,0.016263414174318314,1465.36078465489,0.2638453245162964,16308.590639434813,0.21988469893553556,1447.6529848575592,3743.1159115890277,533.2563111006873,4531.79850057397,1939.05790612466,0.19186258386557908
0.22933237997058878,14216.577140344192,1675.2099841341292,13070.412913152226,0.24835012274202467,9403.76153322137,1102.5023788790022,1454.5292137459346,0.3021634116210721,16097.029083929749,1158.357984405654,0.24501186773544315,0.2867365390672493,2880.2835983461646,2043.4063558368682,0.2650062040896189,1711.1444766345705,17094.383379718325,654.507365525518,0.29208345521175116,0.2311626485799107,2298.6646265126633,0.26047752363175253,3425.036035656564,-0.020885437726974487,17620.752165519214,690.2962133569719,14561.456132798963,5669.4687264804725,5299.6566014007785,1385.2322646040234,0.007471036864275326,0.27520176381696965,2375.5540516698015,0.24068537353224467,2391.006298803329,910.7666972567696,0.24646916147857273,4,0.26092154337666273,9794.311754087894,0.2376702464306255,8730.991672518092,0.2618268564274711,1955.965059503419,5492.118241343426,5885.843354940414,2400.0375757808683,0.6708441972732544,892.6780285388402,1719.989443877084,15223.331276192237,7506.391389955596,11739.104916495146,6933.037904044321,7740.632990874787,0.27574920273332837,0.25774622806748804,11007.690943432639,10589.116226925376,2253.2502728613445,958.8250568994794,1487.3103287809975,12393.27512173401,0.2534576323461261,0.27656914137528255,2029.0241577362333,19109.570243542417,0.003955450840294361,0.2883012990199177,0.19743229626437617,0.354308729372719,0.22581836462593532,2775.3495395296577,2857.076773240089,0.29604739991846807,0.2537592122636998,743.2030268492017,1194.9526574055808,0.016109472140669823,1419.118344215393,0.2948076128959656,14215.909976413855,0.21988469893553556,1418.7950501441956,3743.1159115890277,533.2563111006873,4162.5452352967395,1939.05790612466,0.3111973711275765
0.27961923128039035,14216.577140344192,1591.273019716399,12686.333027409797,0.2825787690193386,8977.360611341008,1186.560769698688,1454.5292137459346,0.3021634116210721,15157.17600355253,1156.0627611915045,0.25919016000487083,0.2867365390672493,2696.462570115635,2043.4063558368682,0.2650062040896189,1684.914482848031,16545.05765076207,671.9398063496182,0.3414839558686179,0.28914829482202675,2285.4331571595326,0.26047752363175253,2419.5299338913833,-0.016349894925951958,17620.752165519214,693.7570526334218,14165.399532251175,5375.208616677355,5299.6566014007785,1348.1105376996993,0.008439609075057747,0.33793361815231365,2215.6133397423882,0.26778943020351087,2391.006298803329,900.2494936727797,0.24646916147857273,5,0.2812634566943769,8719.562501780287,0.2594843834352343,8730.991672518092,0.2817913305020765,1835.9624378870556,4097.4123585353955,7306.324461221695,2330.9457787697656,0.6518362760543823,967.8158206603188,1719.989443877084,15223.331276192237,7188.266719953374,10695.115811532223,6933.037904044321,6530.836423114537,0.2873876428679461,0.28250811683906996,10546.22594360321,10589.116226925376,2093.4474215958458,958.8250568994794,1413.7622575274224,12393.27512173401,0.26617687347493785,0.27656914137528255,1964.184177596501,18145.039630618332,0.0038106462452560663,0.2883012990199177,0.2443521382329826,0.36020010198774843,0.27388049548676213,2449.3389326890347,2838.405203872681,0.29604739991846807,0.3123782628907852,743.2030268492017,1194.9526574055808,0.01467822678387165,1432.1171270032614,0.23029644787311554,13353.08180123884,0.21988469893553556,1420.322955608368,3743.1159115890277,533.2563111006873,3790.444745423083,1939.05790612466,0.35053711811243077
0.3220389849497145,14216.577140344192,1679.6493006228036,12032.378976577236,0.3110620131414333,8355.766624252625,1269.908798869542,1454.5292137459346,0.3021634116210721,13839.121945473524,1159.0306400803158,0.29393967351613737,0.2867365390672493,2577.6297816608967,2043.4063558368682,0.2650062040896189,1659.1078252149307,15574.916261420985,663.8360633707048,0.36277196824788477,0.33088528007564816,2234.128915961811,0.26047752363175253,2171.0524546864754,-0.015907883644104004,17620.752165519214,694.7543029124397,13294.208804952985,4929.618506343885,5299.6566014007785,1440.181665092196,0.009204657480756669,0.3702254500255053,2103.1574875817983,0.2937041690345185,2391.006298803329,897.8462059221267,0.24646916147857273,6,0.3116711343162312,7044.073727706188,0.30613888885727086,8730.991672518092,0.30496116928702455,1863.4023128192084,3220.208541068878,8758.063598632812,2277.4377408162527,0.6222814917564392,985.8404389464515,1719.989443877084,15223.331276192237,6599.024931923002,9252.44749010633,6933.037904044321,5166.616492850233,0.32077960977350195,0.30932035771122074,9943.61296532462,10589.116226925376,2108.220802109855,958.8250568994794,1404.4112250832256,12393.27512173401,0.29240254203515437,0.27656914137528255,1929.8565846058978,16963.137588103596,0.004066597204655409,0.2883012990199177,0.2859623674746643,0.3606691174218733,0.32321358471220846,2092.9326041984123,2740.035448508262,0.29604739991846807,0.352076372101548,743.2030268492017,1194.9526574055808,0.01760784722864628,1396.6496005902975,0.25355595350265503,11695.65365674153,0.21988469893553556,1451.6125948429108,3743.1159115890277,533.2563111006873,3403.7640253654913,1939.05790612466,0.3610181498585372
0.3447009310085579,14216.577140344192,1741.9139391133442,11584.22595362592,0.32493053689747886,7884.104567918681,1284.171579847336,1454.5292137459346,0.3021634116210721,12513.53235459137,1180.5710422461373,0.30421647600598634,0.2867365390672493,2535.692725825583,2043.4063558368682,0.2650062040896189,1648.5581201780867,15291.7458000987,667.7786526129587,0.3680227815511503,0.34862324243949117,2166.5910943538124,0.26047752363175253,2104.780438719068,-0.011311010457575321,17620.752165519214,694.7543029124397,12747.064281736451,4430.985456241194,5299.6566014007785,1501.0779532334464,0.010031237237535686,0.3782854431595409,2085.3361216738567,0.3194703308336158,2391.006298803329,918.569207216944,0.24646916147857273,7,0.33051426492219377,6285.529895287889,0.3201826677718188,8730.991672518092,0.32539462069860997,1954.479133335522,3037.7479924063755,10199.36978840828,2235.399480576379,0.5853394269943237,989.1924825308664,1719.989443877084,15223.331276192237,6177.4292520216595,8101.523147354976,6933.037904044321,4586.271034231937,0.34313308216845406,0.32986903439474985,9339.32605067193,10589.116226925376,2142.9293551221576,958.8250568994794,1404.4112250832256,12393.27512173401,0.31607828081046657,0.27656914137528255,1899.0781002938406,15703.800842829482,0.003637179033830762,0.2883012990199177,0.3182493990392713,0.3606691174218733,0.35796716964730474,1947.201647947061,2711.2344298255093,0.29604739991846807,0.3655326094724806,743.2030268492017,1194.9526574055808,0.015934519469738007,1382.4447368420194,0.15969307720661163,10687.951534980382,0.21988469893553556,1441.1579785346985,3743.1159115890277,533.2563111006873,3071.305967275325,1939.05790612466,0.36456600569190023
0.3677150950796383,14216.577140344192,1771.4874461169925,11102.758621221883,0.3345335713082388,7464.218173605717,1293.1932868351257,1454.5292137459346,0.3021634116210721,10704.835613902544,1199.3587668748585,0.3143291746786152,0.2867365390672493,2608.7034074326925,2043.4063558368682,0.2650062040896189,1647.4102705394198,14765.897771130392,668.2644535771777,0.37079067779800484,0.3738380457371978,2191.372259477343,0.26047752363175253,2106.6552796677292,-0.010095762088894844,17620.752165519214,694.7543029124397,12284.235271327081,4038.894959257267,5299.6566014007785,1538.575065070697,0.01071597497241782,0.3830606333516219,2169.3378640715737,0.3337135848514212,2391.006298803329,933.5527359410697,0.24646916147857273,8,0.3480902149795634,5629.799194186553,0.3341331146179188,8730.991672518092,0.34131180222711477,2002.6592473558694,2946.184322286289,11586.249982595444,2197.7229986677175,0.5378609299659729,988.8461145063127,1719.989443877084,15223.331276192237,5602.384689916775,7014.945712353189,6933.037904044321,4269.205715654711,0.36462140633915163,0.3456889931315079,8923.061038190242,10589.116226925376,2210.346835379192,958.8250568994794,1404.4112250832256,12393.27512173401,0.3249433341967849,0.27656914137528255,1901.0129904629844,13711.521211562958,0.004074329510331154,0.2883012990199177,0.35183152508534293,0.3606691174218733,0.39149585044094787,1809.1104500970678,2722.0025770966668,0.29604739991846807,0.3840703873647266,743.2030268492017,1194.9526574055808,0.01685410924255848,1395.7269298549384,0.13987620174884796,9422.070348635732,0.21988469893553556,1386.752150297165,3743.1159115890277,533.2563111006873,2827.6961880056765,1939.05790612466,0.36463689921424947
0.3803417773616053,14216.577140344192,1807.5153130382812,10680.474745438407,0.3434172813514971,6992.342955391452,1294.7597469553266,1454.5292137459346,0.3021634116210721,9450.3836450686,1198.5148297877993,0.32894463096094645,0.2867365390672493,2704.352820077215,2043.4063558368682,0.2650062040896189,1654.5147685114996,14202.24942288932,683.2003724107743,0.372859519069532,0.3825182810848225,2161.534060404096,0.26047752363175253,2073.9979576588003,-0.004668034613132477,17620.752165519214,694.7543029124397,11856.59018824984,3910.650489630934,5299.6566014007785,1555.0325235879077,0.011210669342060718,0.3872967452553688,2257.937306631224,0.3468587203391834,2391.006298803329,945.5141691758294,0.24646916147857273,9,0.3597318029049458,5289.6204641383365,0.33800068154900326,8730.991672518092,0.34951219635568725,2060.592340238844,2903.654702150574,12961.061003923416,2195.532783170155,0.5004739761352539,989.7116343165806,1719.989443877084,15223.331276192237,5466.073035950689,6319.410299911672,6933.037904044321,4073.7071847221155,0.3652231564103361,0.3602349089974276,8534.643554351873,10589.116226925376,2278.1718689238683,958.8250568994794,1404.4112250832256,12393.27512173401,0.3406626997399119,0.27656914137528255,1895.1093321984154,12054.608392994693,0.005067909602075815,0.2883012990199177,0.3748890725409283,0.3606691174218733,0.4089735543727352,1669.382654565822,2698.331655155046,0.29604739991846807,0.38804207644085875,743.2030268492017,1194.9526574055808,0.013040514662861824,1412.7794417976652,0.10437588393688202,8492.143653276346,0.21988469893553556,1374.6561350822449,3743.1159115890277,533.2563111006873,2642.42396176372,1939.05790612466,0.3673019490706095
0.3852350820698333,14216.577140344192,1757.973527582305,10573.27477143886,0.35177345989307474,6961.268667446378,1292.510968824523,1454.5292137459346,0.3021634116210721,9994.444694481987,1217.8145503384726,0.33470216619266246,0.2867365390672493,2594.560140669959,2043.4063558368682,0.2650062040896189,1645.6497137329916,14168.36129715049,688.1563327192579,0.3719477676457684,0.38968373838721837,2139.512207198143,0.26047752363175253,2082.8632880931746,-0.0038590861950069666,17620.752165519214,694.7543029124397,11805.233031910118,3601.787904083165,5299.6566014007785,1523.1883001619065,0.011556976606276895,0.3914561333849486,2167.691227771623,0.35189210091782974,2391.006298803329,953.6249111949376,0.24646916147857273,10,0.371760363953068,5526.886030230734,0.3471544482279908,8730.991672518092,0.35972852511861964,1993.9726062519892,2936.037492788522,14309.521975040436,2121.2188877740587,0.4647485613822937,989.3189087807791,1719.989443877084,15223.331276192237,5188.355637928816,6517.799120027292,6933.037904044321,4187.354060995331,0.3719738341797687,0.3630905358974383,8446.728115501843,10589.116226925376,2186.7213969881873,958.8250568994794,1404.4112250832256,12393.27512173401,0.3487589407241199,0.27656914137528255,1885.4334656069616,12676.683468524585,0.004493470769375563,0.2883012990199177,0.3762009606612725,0.3606691174218733,0.4095098604920649,1558.336182997066,2661.573221432686,0.29604739991846807,0.3903815825558528,743.2030268492017,1194.9526574055808,0.012573812156915665,1428.8588647485458,0.09299539029598236,8860.559983624551,0.21988469893553556,1348.332721710205,3743.1159115890277,533.2563111006873,2500.5941960561263,1939.05790612466,0.36685521271827065
0.38528016067366894,14216.577140344192,1754.7800938900539,10296.521992218759,0.35689168460460535,6659.336812923605,1297.3453622831616,1454.5292137459346,0.3021634116210721,10033.19334567797,1207.4505714078632,0.34191402071472476,0.2867365390672493,2583.722934842655,2043.4063558368682,0.2650062040896189,1649.8140723302024,13935.92064824511,684.9046905241013,0.372540673511773,0.3896712031293449,2137.599465773855,0.26047752363175253,2082.2171895338006,-0.000801368965767324,17620.752165519214,694.7543029124397,11354.552394265029,3457.5226633139696,5299.6566014007785,1521.102610492706,0.01179100574303337,0.3907366009044663,2148.085909705571,0.3590116033600064,2391.006298803329,973.1724625560214,0.24646916147857273,11,0.3781051605159614,5499.100885269578,0.3552505757012747,8730.991672518092,0.3722172358576803,1982.4736606366298,2891.981948187626,15676.269740104675,2154.6766727734976,0.41569069027900696,988.5205559125627,1719.989443877084,15223.331276192237,5054.579825646231,6589.440565770155,6933.037904044321,4214.107857185058,0.3794102867463826,0.37247442250025775,8161.463696581312,10589.116226925376,2187.8004927915845,958.8250568994794,1404.4112250832256,12393.27512173401,0.35588437312075544,0.27656914137528255,1892.5861717055182,12545.80386781477,0.004689699038863182,0.2883012990199177,0.38007471179783003,0.3606691174218733,0.41135016038562106,1514.6310638796565,2642.634832424436,0.29604739991846807,0.3915447986121308,743.2030268492017,1194.9526574055808,0.01748037524521351,1422.7230429784229,0.08696702122688293,8857.07431191877,0.21988469893553556,1366.599882364273,3743.1159115890277,533.2563111006873,2303.0469394829015,1939.05790612466,0.36718130343015815
0.38771754698546446,14216.577140344192,1706.533643564769,10185.54321292947,0.36276497605840524,6618.003809737003,1290.2827901135854,1454.5292137459346,0.3021634116210721,10136.740790397622,1185.6729710730144,0.3471638237965158,0.2867365390672493,2564.8046865218025,2043.4063558368682,0.2650062040896189,1642.8446948852536,13911.89685142997,679.8955958667483,0.3721575070135674,0.39167239109105195,2117.5040551783704,0.26047752363175253,2086.9377284846933,-0.002603732980787754,17620.752165519214,694.7543029124397,11414.782594184198,3549.9006175099394,5299.6566014007785,1496.8064507728302,0.01204509042124925,0.39355359000144097,2118.703965343339,0.37044954488740217,2391.006298803329,947.2265357016155,0.24646916147857273,12,0.3796739474814631,5707.210359241006,0.3552702345525322,8730.991672518092,0.37410241043384174,1942.7172255913872,2943.9325929559327,17075.39665722847,2133.4968993896755,0.38248947262763977,988.0256388506209,1719.989443877084,15223.331276192237,5049.980270326582,6777.3613011116695,6933.037904044321,4302.5002411555915,0.38563941197908713,0.3762487159542362,8042.088177912553,10589.116226925376,2140.0033380400796,958.8250568994794,1404.4112250832256,12393.27512173401,0.36174542905106266,0.27656914137528255,1854.9337307382311,12671.720406030838,0.0043432144448161125,0.2883012990199177,0.3800557911148222,0.3606691174218733,0.41370584400055554,1541.7371036184911,2610.7804296815057,0.29604739991846807,0.3953802480107942,743.2030268492017,1194.9526574055808,0.016109289601445198,1407.3549535352163,0.0802173987030983,9065.341899277257,0.21988469893553556,1398.966940164566,3743.1159115890277,533.2563111006873,2398.7023341561235,1939.05790612466,0.367022357210764
0.38645376587639463,14216.577140344192,1670.764170122283,9869.182375003576,0.3698233173241154,6573.91029719816,1289.6876904108867,1454.5292137459346,0.3021634116210721,10179.353983577968,1190.7780295179912,0.355767368136826,0.2867365390672493,2576.974009124074,2043.4063558368682,0.2650062040896189,1605.447691051483,13651.445579865658,684.6191446466447,0.37241423724583406,0.39414963059246005,2110.9381536441533,0.26047752363175253,2084.43589874139,-0.002691892208531499,17620.752165519214,694.7543029124397,11091.829022930646,3563.933024908164,5299.6566014007785,1493.9749305844985,0.012242214252247913,0.39352592747204157,2120.5600466047017,0.38323903057581893,2391.006298803329,944.1068373887197,0.24646916147857273,13,0.3927438808046724,5845.258497170016,0.3571213399335049,8730.991672518092,0.3717510775499014,1920.5980776552472,2946.719981159057,18449.114028930664,2101.4592790124075,0.3660399615764618,989.1749873439243,1719.989443877084,15223.331276192237,5020.341545025242,6840.056838136227,6933.037904044321,4324.141163389522,0.3873074320314036,0.3872663631219222,7627.336359188014,10589.116226925376,2137.8732976473398,958.8250568994794,1404.4112250832256,12393.27512173401,0.3716815224089958,0.27656914137528255,1854.3468070974352,12655.558194883051,0.0040376270189881325,0.2883012990199177,0.37882558955311274,0.3606691174218733,0.4132063435461235,1504.2491362970625,2589.8655243674693,0.29604739991846807,0.39820692438406313,743.2030268492017,1194.9526574055808,0.013986102305352688,1402.2445233564376,0.06470560282468796,9153.154312562518,0.21988469893553556,1373.5700461864471,3743.1159115890277,533.2563111006873,2320.2292475462996,1939.05790612466,0.3666097970513077
0.38492676501120293,14216.577140344192,1648.9767131094254,9874.005088135289,0.36395260971707843,6575.636987133876,1281.4148205818449,1454.5292137459346,0.3021634116210721,10186.76105452931,1189.0759694892338,0.36210909768772476,0.2867365390672493,2586.2709538324902,2043.4063558368682,0.2650062040896189,1598.1140920228959,13373.292250142014,690.4705956207004,0.37435328508955096,0.3921232247269799,2093.60550192724,0.26047752363175253,2076.3862121788898,-0.001653939951211214,17620.752165519214,694.7543029124397,10946.281921039583,3510.533878817531,5299.6566014007785,1482.643894966534,0.012476375281556429,0.3959007410820623,2125.9365669264116,0.3802157432647684,2391.006298803329,959.7508582444871,0.24646916147857273,14,0.4015712158778639,5945.087262582964,0.35854938336962006,8730.991672518092,0.37546844446491123,1907.8441223670413,2965.134793006373,19781.007784843445,2070.2877811380113,0.33968380093574524,990.1325972072055,1719.989443877084,15223.331276192237,4999.788264986856,6987.192780921937,6933.037904044321,4339.754218260062,0.39183960053557293,0.38895787427448897,7717.514009248722,10589.116226925376,2124.4059220132826,958.8250568994794,1404.4112250832256,12393.27512173401,0.37470675161710504,0.27656914137528255,1848.9937523796898,12747.381215210311,0.003526949556544423,0.2883012990199177,0.37562105204424934,0.3606691174218733,0.41202537065403744,1448.2630743921552,2585.269889508929,0.29604739991846807,0.39969991579567704,743.2030268492017,1194.9526574055808,0.011666124686598778,1390.5542552712304,0.059178926050662994,9283.979560756705,0.21988469893553556,1331.7228786945343,3743.1159115890277,533.2563111006873,2300.055522217276,1939.05790612466,0.36681147448802137
0.3871090373125986,14216.577140344192,1721.7159410745078,9419.011651830817,0.36562546323720146,6243.847417275391,1309.7590022262846,1454.5292137459346,0.3021634116210721,9993.851777187347,1209.7665758105688,0.3730024939784757,0.2867365390672493,2571.2358303496494,2043.4063558368682,0.2650062040896189,1636.5211563629425,12816.189403309869,691.1384337580546,0.37232075610681925,0.39622133101222895,2107.4671224126814,0.26047752363175253,2068.8420964088004,-0.00258429953828454,17620.752165519214,694.7543029124397,10435.273440743584,3368.72506104477,5299.6566014007785,1542.0103012948714,0.012593128181691322,0.39266611297767523,2139.3558261838643,0.38801859026473906,2391.006298803329,969.6278478546141,0.24646916147857273,15,0.40535244895613537,5564.183938978513,0.35921637774524073,8730.991672518092,0.377031172409583,1950.7373096711297,2814.9463669720017,21109.289637088776,2124.7044096009395,0.32108810544013977,991.2982526201521,1719.989443877084,15223.331276192237,4799.295540089984,6587.485550705872,6933.037904044321,4034.866334673004,0.39525093058877414,0.39209488996471087,7273.627395434439,10589.116226925376,2170.161158773286,958.8250568994794,1404.4112250832256,12393.27512173401,0.3836720554098472,0.27656914137528255,1879.7074004001622,12573.85633010047,0.003473639488220215,0.2883012990199177,0.38090917516064365,0.3606691174218733,0.4153246095104258,1440.1291711341203,2595.298918029785,0.29604739991846807,0.39716167587708706,743.2030268492017,1194.9526574055808,0.011607655324041843,1409.7137559755868,0.08051452785730362,8921.529401520997,0.21988469893553556,1328.1407113075256,3743.1159115890277,533.2563111006873,2213.3733329507663,1939.05790612466,0.3668215566177384
0.388331291799533,14216.577140344192,1671.928174582345,9580.468357907606,0.3688910758334203,6327.319231985211,1297.9903257816861,1454.5292137459346,0.3021634116210721,10118.4876048936,1195.8159154288428,0.3724096264764159,0.2867365390672493,2555.812784875461,2043.4063558368682,0.2650062040896189,1614.856481423923,12941.027862829065,692.3758719181335,0.3730072775387574,0.39754201157084235,2089.5489622982573,0.26047752363175253,2081.8325025471936,-0.0020125822629779577,17620.752165519214,694.7543029124397,10700.424523009664,3416.1322470554896,5299.6566014007785,1509.932020745822,0.01274625272909383,0.39422144916773855,2119.578340986933,0.392091423811627,2391.006298803329,951.7732582815713,0.24646916147857273,16,0.41066988268430543,5822.343192023599,0.3609838925060035,8730.991672518092,0.37963663418011323,1914.310726546969,2883.0887864157535,22438.56925225258,2057.3963282055174,0.3069084882736206,989.8236728210449,1719.989443877084,15223.331276192237,4901.5610320444375,6773.043632629984,6933.037904044321,4202.570138491756,0.39315159152805296,0.3946425728399119,7518.007468529968,10589.116226925376,2120.0301387709205,958.8250568994794,1404.4112250832256,12393.27512173401,0.3827089480530278,0.27656914137528255,1825.4302792530061,12563.338081651395,0.003961008042097092,0.2883012990199177,0.38398415689157817,0.3606691174218733,0.4153390794309748,1416.493842239031,2579.407874543054,0.29604739991846807,0.3995962538835963,743.2030268492017,1194.9526574055808,0.013034544885158539,1403.4366046198434,0.07433149963617325,9193.755107561623,0.21988469893553556,1329.1161313056946,3743.1159115890277,533.2563111006873,2288.972351936471,1939.05790612466,0.36645824711248864
0.3905000693973233,14216.577140344192,1758.4271497325897,9303.570525750449,0.36874642145541003,6125.757074832982,1317.8014609158379,1454.5292137459346,0.3021634116210721,9856.061382136448,1210.8054943264551,0.3779133780740561,0.2867365390672493,2557.1951179744174,2043.4063558368682,0.2650062040896189,1644.7136350916453,12743.646777052745,688.0831478678841,0.37168874492778214,0.397806166782963,2118.954220596994,0.26047752363175253,2068.8420964088004,-0.002883609849959612,17620.752165519214,694.7543029124397,10361.944556144037,3350.9825363581635,5299.6566014007785,1552.3222710101263,0.012756444847352808,0.39168950734777974,2133.2353857695716,0.3932730514584093,2391.006298803329,965.850355671065,0.24646916147857273,17,0.41510378379324236,5361.648152838331,0.36169637637066676,8730.991672518092,0.3775891484682809,1955.5507162283488,2780.093906972002,23786.0806992054,2084.388735209329,0.29224926233291626,991.2982526201521,1719.989443877084,15223.331276192237,4730.3139164680915,6498.711326097825,6933.037904044321,3981.5164717100524,0.3936366287930747,0.39483524173960555,7271.686224646497,10589.116226925376,2168.3392986666813,958.8250568994794,1404.4112250832256,12393.27512173401,0.3847997121251609,0.27656914137528255,1857.0825637865069,12363.451721029945,0.0034488337114453316,0.2883012990199177,0.38829448113751697,0.3606691174218733,0.41967696702923185,1436.8251500943866,2578.843711581775,0.29604739991846807,0.396101422929476,743.2030268492017,1194.9526574055808,0.008475322276353836,1428.4497070831574,0.0802726000547409,8819.742816654489,0.21988469893553556,1347.3735966682434,3743.1159115890277,533.2563111006873,2201.2700423918373,1939.05790612466,0.3668215566177384
0.39145715167741,14216.577140344192,1690.8870027490345,9248.58226776208,0.3684364431221757,6151.528781791905,1285.6864467213497,1454.5292137459346,0.3021634116210721,9832.300980139138,1205.5039896563121,0.3758889597229305,0.2867365390672493,2567.1289858008795,2043.4063558368682,0.2650062040896189,1619.7741783355987,12751.120464268799,686.2935331070765,0.3757174849841244,0.3981872954693148,2119.225961388043,0.26047752363175253,2071.007917748086,-0.0015946681378409266,17620.752165519214,694.7543029124397,10354.85752255029,3329.3585218036974,5299.6566014007785,1512.1109133044652,0.012846539554453916,0.3951451138099006,2141.371609373502,0.3947702083281283,2391.006298803329,960.738342732157,0.24646916147857273,18,0.41524601354777646,5638.081221090568,0.3624355372832105,8730.991672518092,0.3804632827548959,1959.6904528450282,2911.8168523644144,25059.361163377762,2083.523259481703,0.286611944437027,990.7209311915806,1719.989443877084,15223.331276192237,4778.980227985513,6460.543706704973,6933.037904044321,4155.491564933275,0.39409295175927,0.3995761623181302,7212.8756715014,10589.116226925376,2151.223037858418,958.8250568994794,1404.4112250832256,12393.27512173401,0.38636932940831065,0.27656914137528255,1857.7727425287792,12265.208667199142,0.0028534126468002796,0.2883012990199177,0.38917185074142524,0.3606691174218733,0.41899154711649395,1443.3913917238506,2588.620688745226,0.29604739991846807,0.401407697894787,743.2030268492017,1194.9526574055808,0.0063715605065226555,1419.5422074714384,0.06392788141965866,8867.458813536181,0.21988469893553556,1273.1384854316711,3743.1159115890277,533.2563111006873,2239.782141227548,1939.05790612466,0.36695653833768405
0.39467979376280554,14216.577140344192,1734.2154874049595,9100.617671146894,0.37021452720599995,6078.351687477613,1308.5606131937843,1454.5292137459346,0.3021634116210721,9546.555106699394,1209.4585322021758,0.3826886111277734,0.2867365390672493,2624.4131334885187,2043.4063558368682,0.2650062040896189,1633.7274307116102,12170.187721825472,686.4386144831522,0.37287231506988705,0.40240526715059644,2123.746204450607,0.26047752363175253,2062.99561812755,-0.0023227923084050417,17620.752165519214,694.7543029124397,10017.776933033338,3306.8724386666436,5299.6566014007785,1518.9980845910477,0.01286813159167237,0.39622665078703356,2163.6299325451173,0.39380145551829676,2391.006298803329,964.1215727468218,0.24646916147857273,19,0.4165256206906603,5376.758070593241,0.36246278805930565,8730.991672518092,0.3799875258638882,1942.7086080507552,2818.621732138519,26350.38085126877,2125.6764821447646,0.2805820405483246,991.4930573076521,1719.989443877084,15223.331276192237,4587.018945102909,6438.267046969255,6933.037904044321,4085.5443557377403,0.4000600244070141,0.398717918634549,7129.897363294699,10589.116226925376,2173.1046363137107,958.8250568994794,1404.4112250832256,12393.27512173401,0.3906038031855945,0.27656914137528255,1878.1934214691435,11819.262610814776,0.0027721847873181105,0.2883012990199177,0.39096932610395463,0.3606691174218733,0.42232030142933197,1442.7248778501892,2632.2621650159017,0.29604739991846807,0.4010008355054176,743.2030268492017,1194.9526574055808,0.010850772261619568,1428.5030149767742,0.07874652743339539,8643.88696278172,0.21988469893553556,1290.8762609958649,3743.1159115890277,533.2563111006873,2196.7244439887127,1939.05790612466,0.3672696974086318
0.38870986230349713,14216.577140344192,1757.055000243323,9118.892631258064,0.37028477429590495,5923.11972828295,1313.4526111051016,1454.5292137459346,0.3021634116210721,9209.849900033767,1209.5111128146307,0.38402353868477307,0.2867365390672493,2702.308453836168,2043.4063558368682,0.2650062040896189,1654.8937426742827,12408.933337695553,685.9217759244102,0.37227556263068384,0.39775066306992923,2134.169867234639,0.26047752363175253,2062.99561812755,-0.001504260115325451,17620.752165519214,694.7543029124397,10010.111821661007,3303.023148311288,5299.6566014007785,1532.9210472830362,0.01294096756038229,0.3936730211496478,2251.678907355445,0.3930886082442189,2391.006298803329,961.4759964679989,0.24646916147857273,20,0.41720075572563964,5293.99115844369,0.36234512116483336,8730.991672518092,0.3804790571002444,2009.8516364901411,2797.6983715461074,27633.80935192108,2124.708478600366,0.27385616302490234,991.4930573076521,1719.989443877084,15223.331276192237,4506.441944937285,6164.960862346038,6933.037904044321,4066.2900473551504,0.39792366078769326,0.39947464812000094,7066.059262888009,10589.116226925376,2248.139083652224,958.8250568994794,1404.4112250832256,12393.27512173401,0.38777399982011174,0.27656914137528255,1892.0275670830865,11500.923960426831,0.0024596001021564007,0.2883012990199177,0.38675191846951296,0.3606691174218733,0.41585628489518045,1444.5391388537598,2584.2227792705808,0.29604739991846807,0.39835630081156737,743.2030268492017,1194.9526574055808,0.007111691869795322,1447.008355565752,0.06045081838965416,8371.71531451342,0.21988469893553556,1283.2903316020966,3743.1159115890277,533.2563111006873,2210.9721008070155,1939.05790612466,0.3672696974086318
0.3867194929841672,14216.577140344192,1871.052817061697,8829.252489287064,0.3684044854833517,5731.394775533861,1321.4704298711504,1454.5292137459346,0.3021634116210721,8831.884933161447,1251.8897532389506,0.38414591940677617,0.2867365390672493,2827.994625749725,2043.4063558368682,0.2650062040896189,1677.4464639223643,11929.392938368814,682.4271408767702,0.37132055580600154,0.3965953378146561,2167.2276911602016,0.26047752363175253,2062.99561812755,-0.001771928509697318,17620.752165519214,694.7543029124397,9801.149651520846,3077.7978963617375,5299.6566014007785,1584.6860737571717,0.012925470854491796,0.3908340955158267,2311.627701871055,0.39676138638045266,2391.006298803329,975.7754907435007,0.24646916147857273,21,0.4229027813069021,4791.089967295031,0.362682787565177,8730.991672518092,0.3783573193436105,2032.0697829901835,2762.208128713967,28946.8694627285,2118.359185358865,0.26293426752090454,991.4930573076521,1719.989443877084,15223.331276192237,4484.377845960497,6063.472107721493,6933.037904044321,3800.527187795323,0.3970583980487297,0.4014303252785762,6859.6860031822,10589.116226925376,2350.6030882744108,958.8250568994794,1404.4112250832256,12393.27512173401,0.38986277091036325,0.27656914137528255,1902.8873137486326,10750.93588443708,0.002883118810132146,0.2883012990199177,0.3864225604470309,0.3606691174218733,0.4169934514592907,1462.8369234751892,2660.6866989175246,0.29604739991846807,0.39111344906982237,743.2030268492017,1194.9526574055808,0.012868449091911316,1451.8538654723845,0.07992039620876312,7820.631472293329,0.21988469893553556,1312.9286513328552,3743.1159115890277,533.2563111006873,2147.2464124123712,1939.05790612466,0.3672696974086318
0.3901548894945334,14216.577140344192,1797.8041113279887,8994.209113967001,0.3691299333456098,5786.221010526733,1319.8183093354362,1454.5292137459346,0.3021634116210721,9293.803489248507,1229.9341788824627,0.3844176568285893,0.2867365390672493,2680.4318553785597,2043.4063558368682,0.2650062040896189,1667.3426502731868,12207.094438356306,690.6404147956033,0.3718210625255926,0.3993592882997916,2147.5463561304637,0.26047752363175253,2062.99561812755,-0.0022341301664710045,17620.752165519214,694.7543029124397,9774.535737105647,3207.0897753849567,5299.6566014007785,1557.7215886613299,0.012950843595429808,0.3935564613605749,2210.0672418605263,0.3950782835971322,2391.006298803329,965.6751634276254,0.24646916147857273,22,0.4170916342981048,5094.154725967799,0.36057960707537745,8730.991672518092,0.37883426322219443,2003.7467665894374,2765.1609316045924,30287.945845365524,2162.102614930153,0.26943862438201904,991.4930573076521,1719.989443877084,15223.331276192237,4407.937330870318,6154.1034332165755,6933.037904044321,3910.0256589087135,0.3940525879972454,0.40208132666585006,6874.597574011668,10589.116226925376,2243.3137116439007,958.8250568994794,1404.4112250832256,12393.27512173401,0.38875968743003225,0.27656914137528255,1909.1072844245093,11456.312033861652,0.0023553308565169573,0.2883012990199177,0.39112268994554045,0.3606691174218733,0.4215088191515135,1432.1777881850107,2608.695714811325,0.29604739991846807,0.3967529204795984,743.2030268492017,1194.9526574055808,0.009464094415307045,1476.5642360407965,0.06524974852800369,8335.900072876804,0.21988469893553556,1340.9534952640533,3743.1159115890277,533.2563111006873,2199.931493197196,1939.05790612466,0.3672696974086318
0.38706675081632524,14216.577140344192,1888.065913964544,8782.533045563858,0.3687610735914605,5652.229022509764,1321.011545942579,1454.5292137459346,0.3021634116210721,8442.517859425288,1227.102778044156,0.38684160875032403,0.2867365390672493,2931.787769704819,2043.4063558368682,0.2650062040896189,1692.7590457252775,11787.482477080843,687.9042222300939,0.3713513351700617,0.39422541135494915,2167.68390776062,0.26047752363175253,2062.99561812755,-0.0019534858874976635,17620.752165519214,694.7543029124397,9583.97849911682,3231.8001243621825,5299.6566014007785,1595.2433798003874,0.012946851428939985,0.39025945450351524,2387.4553505084177,0.3977857048359954,2391.006298803329,964.1833066639219,0.24646916147857273,23,0.4201046596037068,4712.144841934312,0.36121248080739604,8730.991672518092,0.37811847854768976,2065.922023881776,2766.260637240753,31612.777171850204,2174.555936665127,0.25685131549835205,991.4930573076521,1719.989443877084,15223.331276192237,4522.119878047551,5920.12831803131,6933.037904044321,3741.1561860524644,0.3969678739626898,0.4009485219913198,6780.919061858541,10589.116226925376,2372.5022324846814,958.8250568994794,1404.4112250832256,12393.27512173401,0.3911078448504146,0.27656914137528255,1909.6125747319634,10304.03466610138,0.0026213712990283966,0.2883012990199177,0.3814711343485101,0.3606691174218733,0.4145848361159327,1442.522310139923,2657.4732454876225,0.29604739991846807,0.3905068361768192,743.2030268492017,1194.9526574055808,0.014824839308857918,1448.2571833448405,0.0865805596113205,7662.25612437816,0.21988469893553556,1324.7123594284058,3743.1159115890277,533.2563111006873,2209.4075367583578,1939.05790612466,0.3672696974086318
0.38949572536801996,14216.577140344192,1770.4953073392599,8915.011808799134,0.36970150236570276,5746.833838738339,1312.7593807640076,1454.5292137459346,0.3021634116210721,9231.754787879312,1210.3223685661044,0.3829979270807027,0.2867365390672493,2659.0090246030263,2043.4063558368682,0.2650062040896189,1681.6740017536708,12127.820160504063,680.8082781231745,0.37218346624903004,0.4008760896764049,2157.435609128543,0.26047752363175253,2062.99561812755,-0.0019741186406463385,17620.752165519214,694.7543029124397,9852.546564830649,3257.873936312627,5299.6566014007785,1542.451668493407,0.012979043279685363,0.39383111758141687,2225.9819173954556,0.39946079659194383,2391.006298803329,955.3083453363689,0.24646916147857273,24,0.4204897130139922,5234.0839517240465,0.3625306369170494,8730.991672518092,0.3834303637664884,1984.3485929275244,2804.8194037809317,32900.891884326935,2124.438054187911,0.2690808176994324,991.4930573076521,1719.989443877084,15223.331276192237,4526.461581979697,6221.022312739345,6933.037904044321,3994.788548099344,0.4025858742577128,0.3999249221518912,6856.399786429073,10589.116226925376,2248.445690102032,958.8250568994794,1404.4112250832256,12393.27512173401,0.38970581359610407,0.27656914137528255,1890.9315443244664,11530.582499866116,0.00233482732437551,0.2883012990199177,0.3924900106837514,0.3606691174218733,0.4199951438407225,1474.354894994834,2633.929737035479,0.29604739991846807,0.39820790351162144,743.2030268492017,1194.9526574055808,0.008267829194664955,1429.4980731525418,0.057126235216856,8348.966860347335,0.21988469893553556,1287.9784224033356,3743.1159115890277,533.2563111006873,2256.9104873431834,1939.05790612466,0.3672696974086318
0.3830084447949416,14216.577140344192,1888.3684076160705,8648.836882645111,0.369403781963677,5512.577174694585,1320.3483846702577,1454.5292137459346,0.3021634116210721,8230.511987902988,1242.5201055592129,0.3885886778261747,0.2867365390672493,3021.7960581512452,2043.4063558368682,0.2650062040896189,1705.619351426806,11655.537225417898,691.9853720234464,0.3713068867003617,0.39471714822456294,2175.2756732792172,0.26047752363175253,2062.99561812755,-0.0022251890040934086,17620.752165519214,694.7543029124397,9681.43326229405,3136.906457370213,5299.6566014007785,1599.1023056131087,0.012987617151031078,0.38976783273550875,2435.26498266043,0.3995445865589856,2391.006298803329,967.9855775233675,0.24646916147857273,25,0.4214460545712917,4703.151047185646,0.3610472409306281,8730.991672518092,0.3785923165943635,2072.6561020818444,2771.0693400867353,34171.27173733711,2149.8539087142944,0.2528514564037323,991.4930573076521,1719.989443877084,15223.331276192237,4383.142101226566,5863.798650352738,6933.037904044321,3718.8802923712155,0.4006915233231891,0.40291292227880354,6516.917038529533,10589.116226925376,2428.4613285860332,958.8250568994794,1404.4112250832256,12393.27512173401,0.3936749070788311,0.27656914137528255,1944.7006159463608,9881.987060011204,0.0024174433201551437,0.2883012990199177,0.3783059061588375,0.3606691174218733,0.41241462591677924,1418.473467525635,2670.655355258533,0.29604739991846807,0.3907463270281678,743.2030268492017,1194.9526574055808,0.01108811516314745,1457.7117301825115,0.07689018547534943,7444.505771509401,0.21988469893553556,1270.2326378822327,3743.1159115890277,533.2563111006873,2186.1229288918416,1939.05790612466,0.3672696974086318
0.3888323926431106,14216.577140344192,1769.294316855158,8955.477220980354,0.3685886283206814,5797.294473982523,1315.9340292015074,1454.5292137459346,0.3021634116210721,9304.839728962359,1225.9836241822925,0.36605368857630943,0.2867365390672493,2704.2569605291915,2043.4063558368682,0.2650062040896189,1693.0973928555081,12752.032010187986,688.6870312354225,0.3719064252630575,0.3987025049016142,2176.2703163404467,0.26047752363175253,2062.99561812755,-0.001371697522699833,17620.752165519214,694.7543029124397,10169.038264760131,3206.2886088514706,5299.6566014007785,1564.046177094323,0.013026880627756653,0.3932689312435078,2214.171312473297,0.39058202755210486,2391.006298803329,970.3018021624428,0.24646916147857273,26,0.40877976537367167,5223.332666921365,0.3616457010097885,8730.991672518092,0.380067458846103,1990.1458155012133,2789.7488699862884,35496.513625621796,2145.0611090326306,0.2549615204334259,991.4930573076521,1719.989443877084,15223.331276192237,4450.145227062291,6252.714680941576,6933.037904044321,3872.17305578282,0.40187171210849426,0.39423022196208907,7020.345495362114,10589.116226925376,2259.119908369745,958.8250568994794,1404.4112250832256,12393.27512173401,0.3850288292647724,0.27656914137528255,1901.8947165324346,11354.985500972354,0.002185465767979622,0.2883012990199177,0.3900136213967195,0.3606691174218733,0.4202665021116412,1432.374439080549,2653.858592819622,0.29604739991846807,0.39889829719122977,743.2030268492017,1194.9526574055808,0.010694594122469425,1442.1163357926773,0.0669076070189476,8310.356816512973,0.21988469893553556,1325.101420879364,3743.1159115890277,533.2563111006873,2175.832452986036,1939.05790612466,0.3672696974086318
0.3848533158529291,14216.577140344192,1884.1830573072436,8870.632682838419,0.36774384050413983,5884.758608522275,1320.3285492907933,1454.5292137459346,0.3021634116210721,8301.200565919931,1230.4005454506193,0.3801237003536378,0.2867365390672493,3011.7027233202803,2043.4063558368682,0.2650062040896189,1666.9941563629422,11804.193070983974,691.8473947790692,0.3714176532811233,0.39066890060107795,2170.4243715407506,0.26047752363175253,2070.602538027104,0.002309862058609724,17620.752165519214,694.7543029124397,9903.857846778412,3218.7780591063797,5299.6566014007785,1585.6240206262041,0.01281732916011697,0.38996239389026305,2432.2233094109124,0.3985705521486883,2391.006298803329,962.7960916154043,0.24646916147857273,27,0.4119249161136733,4767.520832505733,0.3607928983040004,8730.991672518092,0.3784076481401145,2090.063108493533,2769.4683372184313,36853.759501218796,2167.878694085121,0.2592208981513977,990.9374484906879,1719.989443877084,15223.331276192237,4641.486761062731,5865.457280557643,6933.037904044321,3805.302603646654,0.3971986326394397,0.39692279328198204,6866.305333683102,10589.116226925376,2399.0174579815184,958.8250568994794,1404.4112250832256,12393.27512173401,0.38865933262450936,0.27656914137528255,1888.1629297528948,9885.681748636647,0.002478733891621232,0.2883012990199177,0.380205527148467,0.3606691174218733,0.4113892465438366,1420.388603934566,2702.456964858191,0.29604739991846807,0.3882260406910949,743.2030268492017,1194.9526574055808,0.018044328317046165,1431.532929696492,0.09509401023387909,7576.111552954037,0.21988469893553556,1357.0761876106262,3743.1159115890277,533.2563111006873,2232.6004461253137,1939.05790612466,0.36688705093635676
0.38711665373599174,14216.577140344192,1875.519066514151,9023.665422264754,0.3690139975524367,5739.379307626276,1319.7522769693649,1454.5292137459346,0.3021634116210721,8923.022765041353,1234.9949874328888,0.3847550609133306,0.2867365390672493,2821.332896489007,2043.4063558368682,0.2650062040896189,1689.3121597753252,11975.584759157195,690.3478669244221,0.37141163905288777,0.3960267005125815,2146.578667264257,0.26047752363175253,2069.317314321747,-0.0029027091804891825,17620.752165519214,694.7543029124397,10081.37074677573,3187.238341638968,5299.6566014007785,1586.693679745674,0.012844902295875859,0.38957105195654534,2273.1235344092506,0.3955989787359486,2391.006298803329,968.2306148786543,0.24646916147857273,28,0.4150139290041948,4794.155674757973,0.36090621849257964,8730.991672518092,0.37798173102399135,2054.3678272997995,2773.2329842161994,38157.02525162697,2122.5078203115463,0.2875158488750458,990.6532501089913,1719.989443877084,15223.331276192237,4556.7884630921935,5938.963523255853,6933.037904044321,3809.1329004015674,0.39556821031986134,0.39765268607648635,6782.698601953626,10589.116226925376,2340.5416860494615,958.8250568994794,1404.4112250832256,12393.27512173401,0.3882600177731856,0.27656914137528255,1920.7206218632293,10669.634381615208,0.002006896072998643,0.2883012990199177,0.3893608929794039,0.3606691174218733,0.42070978726097047,1428.086692729209,2646.4439094870427,0.29604739991846807,0.38976198825322483,743.2030268492017,1194.9526574055808,0.013278469443321228,1448.6453954080853,0.07030998915433884,7858.254638387539,0.21988469893553556,1303.0991775989532,3743.1159115890277,533.2563111006873,2188.075033228891,1939.05790612466,0.36715593496709187
0.38521214940865234,14216.577140344192,1885.7186074912204,8643.162618804932,0.3697115910012619,5735.893675505307,1320.698161455972,1454.5292137459346,0.3021634116210721,8331.429733990915,1222.9520821146284,0.3882824120716718,0.2867365390672493,3028.1438229262485,2043.4063558368682,0.2650062040896189,1659.5986555001393,11426.417433812541,687.7391053874153,0.3711645275549598,0.3948726491557041,2169.2888335524967,0.26047752363175253,2062.99561812755,-0.004143386147916317,17620.752165519214,694.7543029124397,9577.923670004317,3231.985560493883,5299.6566014007785,1591.3227491265704,0.01289845246538607,0.3893961071559986,2391.9913423148564,0.3997276521286407,2391.006298803329,960.1903945075444,0.24646916147857273,29,0.41946118978095653,4716.049441420462,0.36180645424540336,8730.991672518092,0.3796308299041993,2082.131774980818,2770.4603075086106,39469.45265054703,2175.23505060264,0.25838226079940796,991.4930573076521,1719.989443877084,15223.331276192237,4491.481520165863,5809.276512019696,6933.037904044321,3782.616933689968,0.40124431661330917,0.40571687897831515,6729.540998038461,10589.116226925376,2404.9423632462367,958.8250568994794,1404.4112250832256,12393.27512173401,0.39492103726806266,0.27656914137528255,1907.781327952794,9676.32176529334,0.0022526734974235296,0.2883012990199177,0.3824129625569448,0.3606691174218733,0.41727601657109537,1436.4261264457268,2708.3605649266915,0.29604739991846807,0.3902703041845264,743.2030268492017,1194.9526574055808,0.012297328561544418,1437.3830671506612,0.07993735373020172,7529.49315410494,0.21988469893553556,1312.2873933315277,3743.1159115890277,533.2563111006873,2233.582414990496,1939.05790612466,0.3672696974086318
0.3912875738357181,14216.577140344192,1813.9378431095395,8850.11846606029,0.36978642841323506,5680.079003219125,1311.67999439403,1454.5292137459346,0.3021634116210721,9075.033640119063,1216.7100156927108,0.39017357945244946,0.2867365390672493,2802.2182680924284,2043.4063558368682,0.2650062040896189,1693.3600037125182,11725.722303892453,684.224396104404,0.3727520746878764,0.39893080085473576,2143.4934949092863,0.26047752363175253,2080.3821458507646,-0.002143619582056999,17620.752165519214,694.7543029124397,9822.69583929984,3293.2795867161994,5299.6566014007785,1572.008821033614,0.013005383442036389,0.3912652974908219,2231.9711953244896,0.3996582716725503,2391.006298803329,953.1048799260002,0.24646916147857273,30,0.4190159450899398,5035.6366003285,0.3626271637848827,8730.991672518092,0.37883007771687344,2025.4481980932783,2804.1734455443243,40834.76565527916,2142.4433055631093,0.2574951648712158,989.3129487697056,1719.989443877084,15223.331276192237,4499.993946022557,6028.614638751831,6933.037904044321,3865.179371128802,0.4005688043357902,0.3995388227892971,6653.456772443367,10589.116226925376,2270.275274190358,958.8250568994794,1404.4112250832256,12393.27512173401,0.39295324024197287,0.27656914137528255,1918.688142443793,10723.179570936216,0.0019369135843589902,0.2883012990199177,0.3907244709087984,0.3606691174218733,0.42346028707120775,1457.483156723851,2649.115609164239,0.29604739991846807,0.39511563431723473,743.2030268492017,1194.9526574055808,0.008166457526385784,1438.9572032425742,0.0640491470694542,8153.958255976368,0.21988469893553556,1365.1659972667694,3743.1159115890277,533.2563111006873,2264.609122101658,1939.05790612466,0.3669237871982145
0.3849258571846316,14216.577140344192,1900.7982591060909,8662.13941920092,0.3726088204511647,5630.943500018247,1313.4950577310838,1454.5292137459346,0.3021634116210721,8122.832933018603,1202.736619938033,0.3893245277237413,0.2867365390672493,2991.4211261491773,2043.4063558368682,0.2650062040896189,1693.3415903208597,11393.415314711196,684.732948925291,0.37242515248822505,0.39435659624155756,2191.2197604494095,0.26047752363175253,2086.268902513711,-0.002512770937755704,17620.752165519214,694.7543029124397,9512.759312723061,3349.4116209505796,5299.6566014007785,1576.4852225687841,0.013018404928176897,0.3911461667761509,2445.8042380110883,0.40036169456242926,2391.006298803329,942.4182281930105,0.24646916147857273,31,0.4234940334171969,4637.502023146362,0.3620846043351683,8730.991672518092,0.38018493417028426,2096.2969270617627,2797.453100421557,42243.45445847511,2165.4783491839,0.25469931960105896,989.0739563031876,1719.989443877084,15223.331276192237,4479.3824702953225,5728.598676412113,6933.037904044321,3840.1519960096084,0.39731271296310683,0.4016009267961671,6754.1911301384625,10589.116226925376,2424.1582000860485,958.8250568994794,1404.4112250832256,12393.27512173401,0.3907616550257216,0.27656914137528255,1902.1108615779874,9815.232490285318,0.0023190805222839117,0.2883012990199177,0.38407765285974216,0.3606691174218733,0.41345346521700427,1457.391299949297,2705.227199132374,0.29604739991846807,0.3897943319423437,743.2030268492017,1194.9526574055808,0.015230106189846992,1454.433911323275,0.08856504410505295,7397.75890207502,0.21988469893553556,1408.5071878433228,3743.1159115890277,533.2563111006873,2301.7614302070183,1939.05790612466,0.3665339432280445
0.39052698432763905,14216.577140344192,1760.582828832081,8915.70748455804,0.3711928765763861,5778.219873579406,1297.5202785779409,1454.5292137459346,0.3021634116210721,9060.425960934668,1200.208895321982,0.39211018388922825,0.2867365390672493,2785.4530044081553,2043.4063558368682,0.2650062040896189,1661.0301313507898,11711.282212389327,681.3062070571355,0.37384354440982165,0.39992752270486726,2157.412223157201,0.26047752363175253,2093.1799526588006,-0.0026533084455877542,17620.752165519214,694.7543029124397,9732.822928719046,3362.0606713791553,5299.6566014007785,1531.0101711191446,0.013043568636786664,0.39501859343398865,2229.7747488446917,0.3989478255089366,2391.006298803329,936.1077115948539,0.24646916147857273,32,0.4233598891655954,5231.322171150382,0.3630172277060243,8730.991672518092,0.3808112992706553,2014.5122997395654,2875.918757550572,43696.90229344368,2130.4414152748923,0.26516836881637573,986.4751485464913,1719.989443877084,15223.331276192237,4686.180091800689,6061.252599273725,6933.037904044321,4047.349588884169,0.39842604752303606,0.403812216060267,6835.582772104078,10589.116226925376,2295.4230553770067,958.8250568994794,1404.4112250832256,12393.27512173401,0.3899777876318978,0.27656914137528255,1896.3943130945481,10763.334127450062,0.001846806495450437,0.2883012990199177,0.39197203192257496,0.3606691174218733,0.4241359387493425,1470.7754209510802,2636.367629904611,0.29604739991846807,0.4000020062785214,743.2030268492017,1194.9526574055808,0.007219790946692228,1417.102638250487,0.07260681688785553,8014.0541808446615,0.21988469893553556,1453.3033277988434,3743.1159115890277,533.2563111006873,2359.5719966440693,1939.05790612466,0.3673486661460324
0.38987734687008696,14216.577140344192,1815.4281719651897,8496.002337704489,0.3721636569642965,5689.659884636099,1286.9051629601888,1454.5292137459346,0.3021634116210721,8360.795407770822,1178.8569599146163,0.39143203175315966,0.2867365390672493,2928.425211559023,2043.4063558368682,0.2650062040896189,1675.948045880726,11374.135393034863,680.4377934769223,0.37581281560452334,0.3985877514214047,2173.8338819770815,0.26047752363175253,2115.4465980605864,-0.0024911912623792887,17620.752165519214,693.3387987271718,9304.456193097163,3426.0965231188748,5299.6566014007785,1571.117494825227,0.013058737038575267,0.3926370396889384,2369.6771408213212,0.40428171623799875,2391.006298803329,931.7117734714235,0.24646916147857273,33,0.42429272179304584,4984.434060949488,0.36329817893721106,8730.991672518092,0.3851210531291583,2061.58679010582,2901.0532853666464,45123.609583854675,2191.0204754701344,0.2530365586280823,979.865912776402,1719.989443877084,15223.331276192237,4530.06724086005,5811.381488825946,6933.037904044321,3841.4002154663085,0.40153173447331086,0.4038307100052114,6453.853008091146,10589.116226925376,2360.2003402666364,958.8250568994794,1410.6022716345649,12393.27512173401,0.3978550993974902,0.27656914137528255,1931.6846313178196,10036.422682729513,0.0021293333265930414,0.2883012990199177,0.38843342104573964,0.3609533232576874,0.4200425485814012,1471.5228726725115,2694.1379435693193,0.29604739991846807,0.39643590481065405,743.2030268492017,1194.9526574055808,0.008755221031606197,1432.1621273851395,0.07397931069135666,7645.53979775493,0.21988469893553556,1426.553248167038,3743.1159115890277,533.2563111006873,2373.4245907342533,1939.05790612466,0.3689303942149593
0.39628223598718193,14216.577140344192,1735.930058854103,8706.228278834837,0.36967692888780745,5718.85565970618,1251.354186698505,1454.5292137459346,0.3021634116210721,8963.78790828644,1202.2306408587867,0.3928615539917502,0.2867365390672493,2841.7951147965023,2043.4063558368682,0.2650062040896189,1664.1934152389254,11536.32793312905,684.4940589614597,0.3803024040974192,0.40374164004593177,2155.7202081940513,0.26047752363175253,2124.0365104936222,-0.0019341098377481103,17620.752165519214,691.7303490898952,9548.173627531543,3354.968180845664,5299.6566014007785,1504.5553082248139,0.013120139181647077,0.3983424419083338,2242.0322115255085,0.404697508044852,2391.006298803329,950.737053466933,0.24646916147857273,34,0.42360779252174907,5311.0726582999305,0.3623292654767299,8730.991672518092,0.3806425059548303,1981.6752101437708,3051.854650786285,46557.06810116768,2154.450395164762,0.25388458371162415,978.4926457563128,1719.989443877084,15223.331276192237,4558.8869232238985,6146.893042761669,6933.037904044321,4138.033952961404,0.402561139565505,0.40560568108364214,6568.212706499176,10589.116226925376,2247.374551246779,958.8250568994794,1417.4888076501902,12393.27512173401,0.395434850911631,0.27656914137528255,1908.9914877659933,10397.485251781745,0.0020907444413751364,0.2883012990199177,0.3924130899024324,0.3614143248341749,0.42481696107736966,1454.3515164542061,2658.7180780111044,0.29604739991846807,0.40311612546774844,743.2030268492017,1194.9526574055808,0.0074318777769804,1421.5784810876844,0.06504551321268082,8108.4259542603195,0.21988469893553556,1433.3131971359253,3743.1159115890277,533.2563111006873,2294.383929493626,1939.05790612466,0.3690406803731917
0.39293033154562584,14216.577140344192,1786.9349044872008,8347.938342038424,0.3711738696274685,5623.188044261976,1286.1017478858405,1454.5292137459346,0.3021634116210721,8265.95631450832,1219.4724232292176,0.39634607571328084,0.2867365390672493,2971.2928549739295,2043.4063558368682,0.2650062040896189,1678.8540593806674,11131.166820171049,691.0907206021719,0.37612099557917633,0.4041635047806838,2213.7116150575366,0.26047752363175253,2095.0556168217468,-0.0017420288641005754,17620.752165519214,694.7543029124397,9251.744373686024,3259.560644544329,5299.6566014007785,1537.270201595306,0.013129655329888908,0.3971721026369213,2377.261194696971,0.403946373660278,2391.006298803329,957.6600784126008,0.24646916147857273,35,0.42464028853842456,5100.05167245128,0.3607229640808174,8730.991672518092,0.3800946202635245,2012.1621605769565,2906.687586972896,47991.52997946739,2195.1313448603496,0.22900351881980896,984.5607668500627,1719.989443877084,15223.331276192237,4432.970898177468,5935.424769057203,6933.037904044321,3956.085305689523,0.4025833616003279,0.405954947020404,6508.22246480944,10589.116226925376,2348.9117120102474,958.8250568994794,1404.4112250832256,12393.27512173401,0.39513944970494075,0.27656914137528255,1923.7015853831426,9798.077307024603,0.002314403187483549,0.2883012990199177,0.38797326897856466,0.3606691174218733,0.42108542842617724,1425.5172350385828,2694.8000333348677,0.29604739991846807,0.39900824536475815,743.2030268492017,1194.9526574055808,0.010666757822036743,1443.3647754877634,0.07650316506624222,7591.929060705392,0.21988469893553556,1434.2915499210358,3743.1159115890277,533.2563111006873,2225.5479754163907,1939.05790612466,0.3681610357818675
0.39565277609792476,14216.577140344192,1732.6993559164318,8568.108104874573,0.3733500318240739,5614.095406195024,1248.8069826745987,1454.5292137459346,0.3021634116210721,8766.372564122621,1209.683810719899,0.39335430327779947,0.2867365390672493,2858.4120499395635,2043.4063558368682,0.2650062040896189,1680.4761746292115,11420.687849119242,685.8461910431726,0.38090595071458994,0.40622626882009594,2168.1222102283746,0.26047752363175253,2154.4871571900503,-0.0014622161397710443,17620.752165519214,693.5733534146718,9562.084661099396,3315.3313080099488,5299.6566014007785,1494.6883912485664,0.013129220332415958,0.40063114160103763,2274.1757670301713,0.40639440001603155,2391.006298803329,941.8659775056839,0.24646916147857273,36,0.42735166653558637,5326.15597632806,0.361503845852029,8730.991672518092,0.38094625464997156,1967.9281731401172,3058.3588239653013,49445.63718152046,2129.1831219066894,0.23447087407112122,972.3967519923617,1719.989443877084,15223.331276192237,4563.747474603359,6150.510962331763,6933.037904044321,4148.757297073452,0.4021966673280877,0.40616210376664436,6623.762076027744,10589.116226925376,2256.046662381172,958.8250568994794,1409.293243085458,12393.27512173401,0.3970746385331557,0.27656914137528255,1891.5032566066473,10320.881339241116,0.0018489842768758535,0.2883012990199177,0.392142284228324,0.36094585065571794,0.4249135999578862,1453.4565884742956,2674.644334519523,0.29604739991846807,0.4032319005746155,743.2030268492017,1194.9526574055808,0.010007859207689762,1423.3205831399641,0.07082825899124146,8070.311574318782,0.21988469893553556,1453.9444708824158,3743.1159115890277,533.2563111006873,2296.230733584246,1939.05790612466,0.3696202340857224
0.3922946361542662,14216.577140344192,1785.0143949433734,8292.018080871017,0.36956928262383665,5679.474332907083,1304.818432452202,1454.5292137459346,0.3021634116210721,8226.485570236902,1210.502311901365,0.39573782508560157,0.2867365390672493,2980.6559748675477,2043.4063558368682,0.2650062040896189,1669.1742656455722,11146.443751265218,680.9957734759196,0.3742765598740723,0.4032665128890319,2194.9036335210803,0.26047752363175253,2079.443265984693,0.00020672616665251553,17620.752165519214,694.7543029124397,9211.08474779227,3262.0722822545954,5299.6566014007785,1559.0995891124178,0.013135334012501415,0.3934936768948414,2376.861285310064,0.4075665069283287,2391.006298803329,955.8321899424961,0.24646916147857273,37,0.4273120524310128,5094.432146771807,0.3579467983536147,8730.991672518092,0.38330075313812395,2026.0733934410644,2827.0417137577165,51062.077892541885,2182.5415259933475,0.22369244694709778,989.3232074192591,1719.989443877084,15223.331276192237,4475.280295691747,5881.3313734246185,6933.037904044321,3900.081936045772,0.40287980605311896,0.40593640169865564,6458.710938302285,10589.116226925376,2337.8491303834917,958.8250568994794,1404.4112250832256,12393.27512173401,0.3999772134600741,0.27656914137528255,1912.05882834598,9644.01949783576,0.0019806791096925735,0.2883012990199177,0.3897355701949442,0.3606691174218733,0.42167032878841915,1520.3938808095659,2695.5110422604425,0.29604739991846807,0.3999073144262039,743.2030268492017,1194.9526574055808,0.016322065144777298,1434.9070962223323,0.0912148579955101,7670.018000812965,0.21988469893553556,1616.2732298374176,3743.1159115890277,533.2563111006873,2251.7484633637127,1939.05790612466,0.367025379892257
0.39147551997551283,14216.577140344192,1759.650096123968,8549.989062594212,0.3675712705830518,5629.7197579427875,1308.3950282249452,1454.5292137459346,0.3021634116210721,8330.469093643143,1224.1317618818282,0.396852692520028,0.2867365390672493,2963.3368550273344,2043.4063558368682,0.2650062040896189,1673.864383856637,11250.110905349164,692.0032681372508,0.37400473654181865,0.4038037319495512,2162.8620933215275,0.26047752363175253,2069.8946936186217,-0.001548715285025537,17620.752165519214,694.7543029124397,9320.19950610611,3174.168843524234,5299.6566014007785,1566.1941081051145,0.013125975289567297,0.3945806941149063,2351.5917973493847,0.4074136870020501,2391.006298803329,974.8652501102174,0.24646916147857273,38,0.4278769368567339,5188.851445531637,0.35889760422869776,8730.991672518092,0.38358366420875617,2032.5141171467649,2809.8175448523602,52567.89774465561,2169.697217499869,0.23548847436904907,991.2631800755091,1719.989443877084,15223.331276192237,4425.905520106485,5842.185092539347,6933.037904044321,3841.7825665506853,0.40295445161311116,0.4070350299112166,6543.335452928184,10589.116226925376,2330.199752487046,958.8250568994794,1404.4112250832256,12393.27512173401,0.398199225170167,0.27656914137528255,1901.4007101394104,9770.27990980229,0.0015850929776206613,0.2883012990199177,0.3887797113496344,0.3606691174218733,0.4229995559199983,1437.9823239158195,2672.5194803811482,0.29604739991846807,0.4024017310831973,743.2030268492017,1194.9526574055808,0.011124967597424984,1441.114032613754,0.06651171296834946,7744.25298001164,0.21988469893553556,1505.5942735671997,3743.1159115890277,533.2563111006873,2159.1958324561197,1939.05790612466,0.3667779248476829
0.3923979505165071,14216.577140344192,1795.6744387425015,8355.986170486623,0.36958521128150695,5510.82816149994,1310.4506113722666,1454.5292137459346,0.3021634116210721,8111.944949453868,1251.2937694135394,0.39609298196122533,0.2867365390672493,3014.055879834992,2043.4063558368682,0.2650062040896189,1684.1270801010135,10984.067436493335,691.0818191808975,0.37367083051770256,0.4030136477790075,2188.901788553783,0.26047752363175253,2069.8946936186217,-0.0016461759805679321,17620.752165519214,694.7543029124397,9151.627356828418,3060.5915886135213,5299.6566014007785,1562.526695328167,0.013140523307447487,0.39537754926880475,2400.533593802861,0.40923543899088777,2391.006298803329,975.2940361219132,0.24646916147857273,39,0.42872324576276427,4992.938014125823,0.36046617922871876,8730.991672518092,0.3802684576294386,2045.2787910307475,2799.581133501914,54241.885395765305,2189.479718951089,0.21879373490810394,991.2631800755091,1719.989443877084,15223.331276192237,4330.421189104702,5776.3203452076505,6933.037904044321,3842.967980720324,0.4042404968553546,0.4082255483949224,6515.733326561673,10589.116226925376,2362.3443652798787,958.8250568994794,1404.4112250832256,12393.27512173401,0.39940666987180506,0.27656914137528255,1899.2154976117274,9467.190595000502,0.0014865219127386808,0.2883012990199177,0.38862772113676874,0.3606691174218733,0.4210876643862767,1430.668245385459,2722.119404131889,0.29604739991846807,0.4015448857418562,743.2030268492017,1194.9526574055808,0.010326375253498554,1454.2309622899465,0.05912001430988312,7507.56919292415,0.21988469893553556,1673.8280441761017,3743.1159115890277,533.2563111006873,2137.064105639605,1939.05790612466,0.3667779248476829
0.39799167300650284,14216.577140344192,1738.4786110459731,8488.70467082234,0.3684910419222134,5714.069535372705,1288.589673836027,1454.5292137459346,0.3021634116210721,8376.93694199271,1210.4118396071024,0.39777613310039867,0.2867365390672493,2922.0535870112017,2043.4063558368682,0.2650062040896189,1650.1499043025972,11271.547007706758,689.3271544749396,0.3761958078144747,0.4070023574037893,2179.972429046903,0.26047752363175253,2069.8946936186217,-0.0011932302732020617,17620.752165519214,694.7543029124397,9191.4448971436,3278.9652417483517,5299.6566014007785,1516.5495252532958,0.01317333218899574,0.40000941063025736,2341.439592374938,0.4093872678064512,2391.006298803329,974.5807559221811,0.24646916147857273,40,0.42923102147057135,5257.1938798633255,0.36138644178924595,8730.991672518092,0.38172297325465726,1979.6644705632075,2890.930596166643,55754.711886405945,2177.541800126348,0.21875311434268951,991.2631800755091,1719.989443877084,15223.331276192237,4595.3951991096055,6057.158794989778,6933.037904044321,4030.508509663195,0.40269391973904495,0.4094364323295436,6547.742313818818,10589.116226925376,2259.598183768545,958.8250568994794,1404.4112250832256,12393.27512173401,0.39736403518339913,0.27656914137528255,1893.306468164308,9931.115149429083,0.0014184408355504274,0.2883012990199177,0.3917460242220073,0.3606691174218733,0.4239252545854626,1431.8606205751908,2666.903886225428,0.29604739991846807,0.40522650084615314,743.2030268492017,1194.9526574055808,0.00879629421979189,1417.4325551947184,0.05926387757062912,7957.869963830829,0.21988469893553556,1512.658420085907,3743.1159115890277,533.2563111006873,2154.5605044668364,1939.05790612466,0.3667779248476829
0.39422684804512437,14216.577140344192,1731.4647647928512,8316.872669335742,0.36819627627740376,5511.317606023146,1295.3313602751325,1454.5292137459346,0.3021634116210721,8317.273507198508,1232.5383130392347,0.39858606426986415,0.2867365390672493,2919.4368645804266,2043.4063558368682,0.2650062040896189,1693.7802274563649,10949.392882318358,693.0123144415447,0.3754815566417632,0.40667915259531867,2185.5869948955255,0.26047752363175253,2069.8946936186217,-0.0014034095220267773,17620.752165519214,694.7543029124397,9097.134937740457,3152.5244902447726,5299.6566014007785,1528.4742966829026,0.013173516017366452,0.39804173014981264,2354.671316046851,0.4121760170101384,2391.006298803329,978.128466467721,0.24646916147857273,41,0.42866115753937345,5262.707123234319,0.36081586075236916,8730.991672518092,0.3819197968305247,1998.5586419112346,2865.012429526019,57323.42134594917,2195.023483398165,0.21961334347724915,991.2631800755091,1719.989443877084,15223.331276192237,4441.717358929247,5965.1380086098825,6933.037904044321,4003.2223158828297,0.40477304533488606,0.40694680314293313,6450.359654396952,10589.116226925376,2322.7818054298677,958.8250568994794,1404.4112250832256,12393.27512173401,0.40106319727493117,0.27656914137528255,1893.0327034886225,9909.89041230229,0.0012595135485753417,0.2883012990199177,0.39263103124834614,0.3606691174218733,0.42317751206121074,1415.271474380101,2709.8629727063862,0.29604739991846807,0.40679961110415713,743.2030268492017,1194.9526574055808,0.0072777713648974895,1435.5814823440826,0.046758417040109634,7680.42553331922,0.21988469893553556,1568.519212961197,3743.1159115890277,533.2563111006873,2134.880475828443,1939.05790612466,0.3667779248476829
0.39460711226259393,14216.577140344192,1731.9046580950876,8408.09651014779,0.368746277924445,5569.705494651271,1301.2536050855092,1454.5292137459346,0.3021634116210721,8431.627489243165,1239.0827882054193,0.3975153440608491,0.2867365390672493,2866.7699374395097,2043.4063558368682,0.2650062040896189,1673.6811144492283,11031.18240580004,688.4049586044041,0.3745566959834777,0.407964350673764,2177.503935935429,0.26047752363175253,2069.8946936186217,0.00035359925823286176,17620.752165519214,694.7543029124397,9082.944106797182,3128.229620013079,5299.6566014007785,1533.9377617329185,0.013183012605414535,0.3976425499604904,2330.5788907139636,0.41169686657125226,2391.006298803329,970.0864013148716,0.24646916147857273,42,0.4315442536626241,5279.817942872707,0.3626246109639706,8730.991672518092,0.3805206450051219,1973.7112934908187,2843.545930218876,58895.56961917877,2180.3103772343225,0.2025402933359146,991.2631800755091,1719.989443877084,15223.331276192237,4334.251889538639,6074.276971793803,6933.037904044321,3976.7582540756885,0.4032546223800379,0.40938698503426385,6386.085411805421,10589.116226925376,2323.3202305849622,958.8250568994794,1404.4112250832256,12393.27512173401,0.3997407471871775,0.27656914137528255,1903.8339515707837,10222.83607390989,0.0012406836031004786,0.2883012990199177,0.3925561464447038,0.3606691174218733,0.42424933402277515,1428.784903510459,2702.855698137011,0.29604739991846807,0.4056055081568133,743.2030268492017,1194.9526574055808,0.007964404299855232,1458.4528923440657,0.054110340774059296,7669.44147110138,0.21988469893553556,1571.9871141910553,3743.1159115890277,533.2563111006873,2176.1562488864793,1939.05790612466,0.3667779248476829
0.3918966641405015,14216.577140344192,1749.6365469301766,8461.711305293316,0.3707814963788968,5763.743346977169,1294.9620649070741,1454.5292137459346,0.3021634116210721,8637.00190339362,1226.1697933429991,0.39705869224743473,0.2867365390672493,2877.6144710663384,2043.4063558368682,0.2650062040896189,1698.0474294624325,11149.05776301745,695.6234629094262,0.37552094950554255,0.3976781182377416,2211.0984675500054,0.26047752363175253,2076.4699510181754,-3.639512578956783e-05,17620.752165519214,694.7543029124397,9239.308736425739,3298.214115954589,5299.6566014007785,1559.4172435828616,0.013181777660932963,0.3932360788859837,2319.6996405497957,0.39998652397955603,2391.006298803329,950.7550501455579,0.24646916147857273,43,0.4235284287418202,5263.8551674084265,0.34864335349528763,8730.991672518092,0.3753733788392172,2047.5683331549508,2866.3201999045887,60479.2317507267,2205.552572613171,0.2007727324962616,989.510479182652,1719.989443877084,15223.331276192237,4598.571638449337,5923.561247175054,6933.037904044321,3910.4359637484517,0.3978892086495086,0.39638869211852595,6640.500815622385,10589.116226925376,2333.1085841395516,958.8250568994794,1404.4112250832256,12393.27512173401,0.39313106891014643,0.27656914137528255,1919.6926040943692,10175.16304404783,0.0014649296645075083,0.2883012990199177,0.39177660158781563,0.3606691174218733,0.4208879397568042,1492.2747709528676,2683.3910952024457,0.29604739991846807,0.40251995334911334,743.2030268492017,1194.9526574055808,0.014114593155682087,1435.3913007579529,0.06035235896706581,7699.031562342441,0.21988469893553556,1583.5123009681702,3743.1159115890277,533.2563111006873,2279.2776840279935,1939.05790612466,0.3671155422531818
0.3902132008807164,14216.577140344192,1745.2019382128033,8453.30058484689,0.3659128882960225,5678.396033030286,1278.8392736278263,1454.5292137459346,0.3021634116210721,8662.795830032896,1223.07456341471,0.39715258673244136,0.2867365390672493,2866.719102911404,2043.4063558368682,0.2650062040896189,1693.3248864931377,11164.418251925488,693.692227856636,0.37704770670654336,0.39982174759918704,2193.1034829104287,0.26047752363175253,2076.4699510181754,-0.0011260039173066616,17620.752165519214,694.7543029124397,9322.835472069048,3271.144750015302,5299.6566014007785,1547.6276502844948,0.012958758477033329,0.394385331967643,2305.689891186578,0.4041198796968065,2391.006298803329,961.637216286659,0.24646916147857273,44,0.4237484087573871,5334.3921731414575,0.35451108589927666,8730.991672518092,0.3779550745843771,2028.8587203935897,2935.9316330907545,61967.23544359207,2194.410833735193,0.22886522114276886,989.510479182652,1719.989443877084,15223.331276192237,4545.562983655156,5982.441408699167,6933.037904044321,3953.7918308618387,0.39641007161531305,0.4007597544736685,6565.576206475068,10589.116226925376,2324.460200649398,958.8250568994794,1404.4112250832256,12393.27512173401,0.3955719024782934,0.27656914137528255,1914.7527829993112,10218.905746263013,0.0014776234747841954,0.2883012990199177,0.3927388745288727,0.3606691174218733,0.4221757208894037,1460.5612879403686,2682.2833523686277,0.29604739991846807,0.4014028455431008,743.2030268492017,1194.9526574055808,0.011388753540813923,1448.9416365594866,0.061963800340890884,7821.741829980839,0.21988469893553556,1487.8409461975098,3743.1159115890277,533.2563111006873,2271.4107987681796,1939.05790612466,0.3671155422531818
0.3921274274718701,14216.577140344192,1732.2825351715087,8341.007671555806,0.3684881639163153,5587.597713604845,1271.4030668935777,1454.5292137459346,0.3021634116210721,8416.780361443614,1223.2250953617097,0.3977105625601412,0.2867365390672493,2832.728875219072,2043.4063558368682,0.2650062040896189,1681.2216416402546,10951.85914525181,691.0660547219685,0.37767700767964724,0.4035691645857708,2200.950933982985,0.26047752363175253,2080.0358020114786,-0.002158705610781908,17620.752165519214,694.7543029124397,9055.925700461012,3228.285107146105,5299.6566014007785,1539.0783076238629,0.013032856775355373,0.3975620184457366,2347.679817552294,0.4063012209071723,2391.006298803329,962.9183695190973,0.24646916147857273,45,0.428309922297887,5335.488560547267,0.3576033805746009,8730.991672518092,0.380491774278545,2003.0655878986636,2969.9060964679825,63473.05699443817,2207.3916928509307,0.20951412618160248,988.6663262808663,1719.989443877084,15223.331276192237,4406.848544399348,6024.302668137121,6933.037904044321,3941.134618322558,0.40382145431065597,0.4070429667843816,6325.6674427027465,10589.116226925376,2335.4281096891673,958.8250568994794,1404.4112250832256,12393.27512173401,0.3981963549416957,0.27656914137528255,1940.8682920398712,10333.501302315239,0.0012046168558299541,0.2883012990199177,0.3949623032332182,0.3606691174218733,0.42212840201702645,1455.9215790693881,2711.4361015100476,0.29604739991846807,0.4040080738850709,743.2030268492017,1194.9526574055808,0.009136797860264778,1445.9837087159838,0.0532589815557003,7690.074738516539,0.21988469893553556,1505.6576371192932,3743.1159115890277,533.2563111006873,2230.3455206610324,1939.05790612466,0.3673203655153186
0.39198823649451703,14216.577140344192,1740.9773496336254,8387.121282194672,0.36989201131597155,5619.230919541453,1280.8600890528814,1454.5292137459346,0.3021634116210721,8447.696051304321,1218.4734133351192,0.39782151859996256,0.2867365390672493,2917.287029802731,2043.4063558368682,0.2650062040896189,1682.951907800266,11033.50202025587,689.6908037955421,0.37727699056972097,0.40529018980362025,2192.8740868353166,0.26047752363175253,2088.1002709288896,-0.0007398645975627005,17620.752165519214,694.7543029124397,9224.78006186057,3211.5826775586156,5299.6566014007785,1552.0425690371649,0.01313266177693256,0.3965797361315051,2333.6708275942124,0.40696168531480625,2391.006298803329,951.9758980975831,0.24646916147857273,46,0.427457403498855,5273.886921122263,0.35789775665308743,8730.991672518092,0.38286333922856436,2017.0837396127154,2920.690098251909,64998.493008852005,2186.150878041267,0.19736848771572113,986.6182780107771,1719.989443877084,15223.331276192237,4308.564977334158,5890.663651231322,6933.037904044321,3876.688418434165,0.40212740333712893,0.40596772350805843,6409.517344661234,10589.116226925376,2367.3668713399343,958.8250568994794,1404.4112250832256,12393.27512173401,0.39798344153424836,0.27656914137528255,1925.5787465720857,9887.937244452276,0.0012218593619763851,0.2883012990199177,0.3925968414374806,0.3606691174218733,0.42318353547599996,1457.8688245372446,2696.8021648191725,0.29604739991846807,0.40401849912623855,743.2030268492017,1194.9526574055808,0.00820997729897499,1465.459873625891,0.04953104257583618,7483.916677492435,0.21988469893553556,1525.268658399582,3743.1159115890277,533.2563111006873,2273.665771855229,1939.05790612466,0.3677009047055749
0.39381659124256385,14216.577140344192,1745.6725042870385,8206.154002353602,0.3696279212929475,5566.783267723583,1283.5761208283561,1454.5292137459346,0.3021634116210721,8333.286379718607,1220.5841443505967,0.39820014837892226,0.2867365390672493,2946.269993729455,2043.4063558368682,0.2650062040896189,1693.9016220516476,10943.316227887115,692.0747786378862,0.37753726052846487,0.408279293820694,2217.752257259505,0.26047752363175253,2080.9290442101396,-0.0006163038196973503,17620.752165519214,694.7543029124397,8997.325605774862,3208.310514586291,5299.6566014007785,1543.388425231661,0.013150585826951122,0.39674162197906393,2347.775426837376,0.4075256940268477,2391.006298803329,962.3949806631633,0.24646916147857273,47,0.4282426859742812,5257.4926918410165,0.35933200625894834,8730.991672518092,0.38275118522766954,1995.6895867248263,2903.442007923344,66516.53034925461,2215.8647113297325,0.20037201046943665,988.3218631112235,1719.989443877084,15223.331276192237,4252.232549624786,5934.304340623278,6933.037904044321,3923.1959903100587,0.4030404018100927,0.40574052100376756,6402.633872215685,10589.116226925376,2351.441352332115,958.8250568994794,1404.4112250832256,12393.27512173401,0.39868014877614594,0.27656914137528255,1924.6202626115253,9781.930494867465,0.0011401567608118057,0.2883012990199177,0.3908369923706669,0.3606691174218733,0.42380229419646864,1434.2998340787613,2712.898780017307,0.29604739991846807,0.4037269322371082,743.2030268492017,1194.9526574055808,0.008261449635028839,1472.2827270408357,0.04885319992899895,7527.593622697797,0.21988469893553556,1517.8837637901306,3743.1159115890277,533.2563111006873,2208.403912805677,1939.05790612466,0.36735014920399806
0.39463646510206485,14216.577140344192,1734.3846121664048,8196.776986400015,0.3687288235102665,5555.650105516903,1278.2954686133523,1454.5292137459346,0.3021634116210721,8186.1518068226205,1244.4670769443512,0.4006250977852718,0.2867365390672493,2947.4742268103187,2043.4063558368682,0.2650062040896189,1684.609458544731,10840.256580912106,694.2857984481541,0.37771599541255896,0.40944312997782345,2209.8600254763196,0.26047752363175253,2083.0294655159432,8.737004100112244e-05,17620.752165519214,694.7543029124397,9026.594895908334,3102.317733926021,5299.6566014007785,1536.228845176833,0.013174946653280985,0.39781861971180843,2373.2905651952196,0.4105363159943522,2391.006298803329,974.9104613952636,0.24646916147857273,48,0.43115289432765275,5299.4953743012775,0.3605431993322843,8730.991672518092,0.38026976283034536,1980.9419602116177,2933.412873170667,68041.74915957451,2194.106781953403,0.18178728222846985,987.9699521179199,1719.989443877084,15223.331276192237,4224.565825327018,5991.161321889802,6933.037904044321,3946.4435206096095,0.4027880000135362,0.4072180872258332,6282.28410650855,10589.116226925376,2359.1616263968604,958.8250568994794,1404.4112250832256,12393.27512173401,0.40048866697417546,0.27656914137528255,1929.8112758062907,9730.619600277732,0.001110672834329307,0.2883012990199177,0.3923157271570146,0.3606691174218733,0.4240076645894267,1408.1458935765293,2710.668494885309,0.29604739991846807,0.4047780397361521,743.2030268492017,1194.9526574055808,0.007315792143344879,1476.2557918370107,0.046756114810705185,7449.608894848698,0.21988469893553556,1525.044385433197,3743.1159115890277,533.2563111006873,2148.4574634288897,1939.05790612466,0.3673611903641482
0.39244066990974535,14216.577140344192,1735.4243538086753,8756.021579749124,0.3611952312380425,5858.390261702184,1287.0303349519456,1454.5292137459346,0.3021634116210721,8358.842260045842,1250.1107088587626,0.3837072827441231,0.2867365390672493,2916.931775942939,2043.4063558368682,0.2650062040896189,1705.814253994669,11495.390967677722,696.2554434439797,0.37634949146433416,0.406845157985536,2253.9941912630625,0.26047752363175253,2074.5889254713006,0.00016394462727475911,17620.752165519214,694.7543029124397,9627.099849699403,3283.085662508174,5299.6566014007785,1535.2392481213974,0.013203269169399314,0.39874273356294265,2337.2975903884344,0.38429481291844086,2391.006298803329,978.5097231461663,0.24646916147857273,49,0.41219614220383,5366.688276736994,0.3574580445061193,8730.991672518092,0.366377677562281,2004.7127933182035,2893.6948878572734,69593.41401362419,2210.4892316799164,0.1790017932653427,990.0118854326521,1719.989443877084,15223.331276192237,4409.108821686401,5909.235011404529,6933.037904044321,3933.544972118094,0.3889105692671299,0.3910558143275211,6753.6089074625725,10589.116226925376,2389.683159219878,958.8250568994794,1404.4112250832256,12393.27512173401,0.3780730992088076,0.27656914137528255,1983.1749669524606,9862.143860827726,0.0011823070235550404,0.2883012990199177,0.3938845296614102,0.3606691174218733,0.42547035587284343,1420.443073053763,2724.444379474367,0.29604739991846807,0.4008609411995767,743.2030268492017,1194.9526574055808,0.013035592623054981,1492.648364237649,0.057144250720739365,7320.00400799288,0.21988469893553556,1551.48659658432,3743.1159115890277,533.2563111006873,2213.9704853047833,1939.05790612466,0.3670445887379437
0.394929354534487,14216.577140344192,1732.1839617575233,8396.503528496465,0.36210023865832675,5715.555463145033,1289.4037500297002,1454.5292137459346,0.3021634116210721,8403.833236033783,1247.6769432965687,0.38496785481409895,0.2867365390672493,2917.6906186629703,2043.4063558368682,0.2650062040896189,1718.1568485802243,11402.56104703842,684.6513051947185,0.376527705384888,0.4082938003110737,2248.9652834236963,0.26047752363175253,2084.5690878150504,-0.0007626026053912938,17620.752165519214,694.7543029124397,9554.566613069068,3242.6735103135243,5299.6566014007785,1535.8419347453796,0.012663147847415642,0.3987366674408031,2315.622486801011,0.39155806359668377,2391.006298803329,965.9434636483874,0.24646916147857273,50,0.4145250410827332,5324.611311073608,0.36226038729359755,8730.991672518092,0.37002126143810643,1997.3620084921972,2880.4876146943225,71137.51095867157,2213.7351763873785,0.22857831418514252,987.351572932652,1719.989443877084,15223.331276192237,4364.895936054251,5917.856397250957,6933.037904044321,3933.2405614511317,0.3937573965868008,0.3932492025594492,6788.58116414649,10589.116226925376,2372.508109133448,958.8250568994794,1404.4112250832256,12393.27512173401,0.38842326947164063,0.27656914137528255,1941.777270702362,9854.733184948707,0.0012137274025008082,0.2883012990199177,0.39374145245770564,0.3606691174218733,0.4273434184786862,1453.7525320234026,2734.2139047472815,0.29604739991846807,0.4031516643400505,743.2030268492017,1194.9526574055808,0.012717179022729397,1484.5367922047205,0.07174404710531235,7353.678801949135,0.21988469893553556,1543.9379134178162,3743.1159115890277,533.2563111006873,2286.273973572191,1939.05790612466,0.3675811973687783
