0th HEFT qoe,0th energy cost ,0th HEFT run time cost,0th HEFT energy cost,0th run time cost ,0th qoe 
0.1359243206819668,6434.236646982116,905.3067227169673,6460.546929762217,1206.1040848433177,-0.15563461207936244
0.1359243206819668,6742.046593811036,905.3067227169673,6460.546929762217,1053.4447802829743,0.0
0.1359243206819668,6742.046593811036,905.3067227169673,6460.546929762217,1053.4447802829743,0.0
0.1359243206819668,6742.046593811036,905.3067227169673,6460.546929762217,1053.4447802829743,0.0
0.1359243206819668,6742.046593811036,905.3067227169673,6460.546929762217,1053.4447802829743,0.0
0.1359243206819668,6742.046593811036,905.3067227169673,6460.546929762217,1053.4447802829743,0.0
0.1359243206819668,6742.046593811036,905.3067227169673,6460.546929762217,1053.4447802829743,0.0
0.1359243206819668,6742.046593811036,905.3067227169673,6460.546929762217,1053.4447802829743,0.0
0.1359243206819668,6699.61246701416,905.3067227169673,6460.546929762217,1081.9016059665678,-0.03543154880618095
0.1359243206819668,6542.977420520427,905.3067227169673,6460.546929762217,1149.8965907293955,-0.10485884677913278
0.1359243206819668,6568.878116767425,905.3067227169673,6460.546929762217,1138.3876427408854,-0.0959943336336153
0.1359243206819668,6671.504043115591,905.3067227169673,6460.546929762217,1094.9356155207954,-0.05059251262872502
0.1359243206819668,6706.593123498535,905.3067227169673,6460.546929762217,1074.4626604913076,-0.02729656945462616
0.1359243206819668,6737.233147769369,905.3067227169673,6460.546929762217,1053.3736806735992,0.00035627770098949627
0.1359243206819668,6722.827236441243,905.3067227169673,6460.546929762217,1062.8379394626618,-0.013195757526306213
0.1359243206819668,6741.249360347494,905.3067227169673,6460.546929762217,1052.9026904392242,0.0006549219537712967
0.1359243206819668,6741.894270659994,905.3067227169673,6460.546929762217,1053.3412060642243,0.00011360836712876971
0.1359243206819668,6737.445760529787,905.3067227169673,6460.546929762217,1051.2304355564117,0.002339909111115586
0.1359243206819668,6741.563514279785,905.3067227169673,6460.546929762217,1053.1163037204742,0.00038691942405160893
0.1359243206819668,6728.2998738707975,905.3067227169673,6460.546929762217,1049.1967755142848,0.004163924016712745
0.1359243206819668,6588.863444118855,905.3067227169673,6460.546929762217,1102.8995245637893,-0.057396870375932704
0.1359243206819668,6563.223943359324,905.3067227169673,6460.546929762217,1106.7518630282084,-0.05045576159964511
0.1359243206819668,6740.147696615855,905.3067227169673,6460.546929762217,1052.9284212366738,0.0004381637624485593
0.1359243206819668,6726.058908584341,905.3067227169673,6460.546929762217,1049.7676130793889,0.003166703264285269
0.1359243206819668,6621.799119837341,905.3067227169673,6460.546929762217,1075.1248513374328,-0.029421211189846225
0.1359243206819668,6736.59420185791,905.3067227169673,6460.546929762217,1054.6332853285471,-0.0019460680695302971
0.1359243206819668,6728.987164860383,905.3067227169673,6460.546929762217,1058.0346001040139,-0.006135023499318984
0.1359243206819668,6710.017590578867,905.3067227169673,6460.546929762217,1048.9972063347498,0.003152885341334577
0.1359243206819668,6739.561838438772,905.3067227169673,6460.546929762217,1051.9093961715698,0.0016253285924181743
0.1359243206819668,6716.0818789642835,905.3067227169673,6460.546929762217,1040.5106654818853,0.012939100518576385
0.1359243206819668,6741.894270659994,905.3067227169673,6460.546929762217,1053.3412060642243,0.00011360836712876971
0.1359243206819668,6742.046593811036,905.3067227169673,6460.546929762217,1053.4447802829743,0.0
0.1359243206819668,6742.046593811036,905.3067227169673,6460.546929762217,1053.4447802829743,0.0
0.1359243206819668,6742.046593811036,905.3067227169673,6460.546929762217,1053.4447802829743,0.0
0.1359243206819668,6742.046593811036,905.3067227169673,6460.546929762217,1053.4447802829743,0.0
0.1359243206819668,6742.046593811036,905.3067227169673,6460.546929762217,1053.4447802829743,0.0
0.1359243206819668,6742.046593811036,905.3067227169673,6460.546929762217,1053.4447802829743,0.0
0.1359243206819668,6742.046593811036,905.3067227169673,6460.546929762217,1053.4447802829743,0.0
0.1359243206819668,6741.569392579397,905.3067227169673,6460.546929762217,1053.21759929657,0.0001452061557578694
0.1359243206819668,6738.638601527049,905.3067227169673,6460.546929762217,1052.4768126236597,0.00077592562857692
0.1359243206819668,6734.488092063241,905.3067227169673,6460.546929762217,1051.3531239325205,0.0015973889636102673
0.1359243206819668,6741.569392579397,905.3067227169673,6460.546929762217,1053.21759929657,0.0001452061557578694
0.1359243206819668,6737.7734026545195,905.3067227169673,6460.546929762217,1052.0320795475643,0.0011196920486858711
0.1359243206819668,6728.162996769102,905.3067227169673,6460.546929762217,1048.515871301969,0.0038598347780335264
0.1359243206819668,6726.798333860116,905.3067227169673,6460.546929762217,1047.8661968196234,0.004292306333512145
0.1359243206819668,6738.236342073924,905.3067227169673,6460.546929762217,1052.2322178970974,0.001009726797326508
0.1359243206819668,6736.163732368062,905.3067227169673,6460.546929762217,1051.2178461491267,0.0017886973490649385
0.1359243206819668,6741.569392579397,905.3067227169673,6460.546929762217,1053.21759929657,0.0001452061557578694
0.1359243206819668,6742.046593811036,905.3067227169673,6460.546929762217,1053.4447802829743,0.0
0.1359243206819668,6742.046593811036,905.3067227169673,6460.546929762217,1053.4447802829743,0.0
0.1359243206819668,6741.569392579397,905.3067227169673,6460.546929762217,1053.21759929657,0.0001452061557578694
0.1359243206819668,6742.046593811036,905.3067227169673,6460.546929762217,1053.4447802829743,0.0
0.1359243206819668,6742.046593811036,905.3067227169673,6460.546929762217,1053.4447802829743,0.0
0.1359243206819668,6742.046593811036,905.3067227169673,6460.546929762217,1053.4447802829743,0.0
0.1359243206819668,6742.046593811036,905.3067227169673,6460.546929762217,1053.4447802829743,0.0
0.1359243206819668,6742.046593811036,905.3067227169673,6460.546929762217,1053.4447802829743,0.0
0.1359243206819668,6742.046593811036,905.3067227169673,6460.546929762217,1053.4447802829743,0.0
0.1359243206819668,6742.046593811036,905.3067227169673,6460.546929762217,1053.4447802829743,0.0
0.1359243206819668,6742.046593811036,905.3067227169673,6460.546929762217,1053.4447802829743,0.0
0.1359243206819668,6741.569392579397,905.3067227169673,6460.546929762217,1053.21759929657,0.0001452061557578694
0.1359243206819668,6741.569392579397,905.3067227169673,6460.546929762217,1053.21759929657,0.0001452061557578694
0.1359243206819668,6741.569392579397,905.3067227169673,6460.546929762217,1053.21759929657,0.0001452061557578694
0.1359243206819668,6741.569392579397,905.3067227169673,6460.546929762217,1053.21759929657,0.0001452061557578694
0.1359243206819668,6741.569392579397,905.3067227169673,6460.546929762217,1053.21759929657,0.0001452061557578694
0.1359243206819668,6741.569392579397,905.3067227169673,6460.546929762217,1053.21759929657,0.0001452061557578694
0.1359243206819668,6742.046593811036,905.3067227169673,6460.546929762217,1053.4447802829743,0.0
0.1359243206819668,6742.046593811036,905.3067227169673,6460.546929762217,1053.4447802829743,0.0
0.1359243206819668,6741.569392579397,905.3067227169673,6460.546929762217,1053.21759929657,0.0001452061557578694
0.1359243206819668,6742.046593811036,905.3067227169673,6460.546929762217,1053.4447802829743,0.0
0.1359243206819668,6741.569392579397,905.3067227169673,6460.546929762217,1053.21759929657,0.0001452061557578694
0.1359243206819668,6742.046593811036,905.3067227169673,6460.546929762217,1053.4447802829743,0.0
0.1359243206819668,6741.569392579397,905.3067227169673,6460.546929762217,1053.21759929657,0.0001452061557578694
0.1359243206819668,6742.046593811036,905.3067227169673,6460.546929762217,1053.4447802829743,0.0
0.1359243206819668,6741.569392579397,905.3067227169673,6460.546929762217,1053.21759929657,0.0001452061557578694
0.1359243206819668,6741.569392579397,905.3067227169673,6460.546929762217,1053.21759929657,0.0001452061557578694
0.1359243206819668,6742.046593811036,905.3067227169673,6460.546929762217,1053.4447802829743,0.0
0.1359243206819668,6741.569392579397,905.3067227169673,6460.546929762217,1053.21759929657,0.0001452061557578694
0.1359243206819668,6741.569392579397,905.3067227169673,6460.546929762217,1053.21759929657,0.0001452061557578694
0.1359243206819668,6742.046593811036,905.3067227169673,6460.546929762217,1053.4447802829743,0.0
0.1359243206819668,6741.569392579397,905.3067227169673,6460.546929762217,1053.21759929657,0.0001452061557578694
0.1359243206819668,6741.569392579397,905.3067227169673,6460.546929762217,1053.21759929657,0.0001452061557578694
0.1359243206819668,6741.569392579397,905.3067227169673,6460.546929762217,1053.21759929657,0.0001452061557578694
0.1359243206819668,6741.569392579397,905.3067227169673,6460.546929762217,1053.21759929657,0.0001452061557578694
0.1359243206819668,6741.569392579397,905.3067227169673,6460.546929762217,1053.21759929657,0.0001452061557578694
0.1359243206819668,6741.009749774576,905.3067227169673,6460.546929762217,1052.9206982517242,0.00042282838279856003
0.1359243206819668,6740.0379371627305,905.3067227169673,6460.546929762217,1053.5210487235388,6.348237631786789e-05
0.1359243206819668,6740.777610774841,905.3067227169673,6460.546929762217,1053.9008501590092,-0.0002723434337087462
0.1359243206819668,6740.0379371627305,905.3067227169673,6460.546929762217,1053.5210487235388,6.348237631786789e-05
0.1359243206819668,6731.455359157257,905.3067227169673,6460.546929762217,1049.8595944465,0.002990602247297884
0.1359243206819668,6740.1365068241885,905.3067227169673,6460.546929762217,1053.5485584891637,5.1770302880839496e-05
0.1359243206819668,6740.36741872523,905.3067227169673,6460.546929762217,1053.7055702079138,-0.00012167876385141807
0.1359243206819668,6722.117869722494,905.3067227169673,6460.546929762217,1045.5442583494187,0.00770960042742362
0.1359243206819668,6718.582687542674,905.3067227169673,6460.546929762217,1043.040706913948,0.01101733509341771
0.1359243206819668,6730.834288867798,905.3067227169673,6460.546929762217,1048.1212719694774,0.004817741577761965
0.1359243206819668,6722.436189964548,905.3067227169673,6460.546929762217,1044.9317420701982,0.008699861299372884
0.1359243206819668,6727.855462531992,905.3067227169673,6460.546929762217,1045.7614493815104,0.008107075897106351
0.1359243206819668,6725.426709302826,905.3067227169673,6460.546929762217,1045.508484700521,0.007594792294020802
0.1359243206819668,6715.835279115855,905.3067227169673,6460.546929762217,1039.2445223108928,0.01437697782519617
0.1359243206819668,6721.305731925354,905.3067227169673,6460.546929762217,1043.0233740266165,0.010369962074786054
0.1359243206819668,6725.840692662201,905.3067227169673,6460.546929762217,1044.9842521158855,0.008448925978537265
0.1359243206819668,6719.675523800354,905.3067227169673,6460.546929762217,1041.9753076203665,0.011538378544356765
0.1359243206819668,6733.16300342809,905.3067227169673,6460.546929762217,1048.1218099021912,0.0056929613416938744
0.1359243206819668,6720.113423019104,905.3067227169673,6460.546929762217,1041.6079207388561,0.011872476601401344
0.1359243206819668,6741.256039105174,905.3067227169673,6460.546929762217,1052.9908675193788,0.0004510712937729482
0.1359243206819668,6736.256305388897,905.3067227169673,6460.546929762217,1050.312433271408,0.0029085773159844576
0.1359243206819668,6701.834011183828,905.3067227169673,6460.546929762217,1032.3555070177715,0.019838318042167066
0.1359243206819668,6717.594277534994,905.3067227169673,6460.546929762217,1039.6255224704742,0.014010992583490457
0.1359243206819668,6738.80708044866,905.3067227169673,6460.546929762217,1051.57630859375,0.0019372148551102697
0.1359243206819668,6739.524533521576,905.3067227169673,6460.546929762217,1052.0839599609376,0.0012720011510585323
0.1359243206819668,6711.800577352702,905.3067227169673,6460.546929762217,1036.1842236423493,0.017508385356445208
0.1359243206819668,6693.978996965078,905.3067227169673,6460.546929762217,1026.479420917511,0.026799270588075554
0.1359243206819668,6711.574207136689,905.3067227169673,6460.546929762217,1036.5895280075074,0.01623296058950442
0.1359243206819668,6739.524533521576,905.3067227169673,6460.546929762217,1052.0839599609376,0.0012720011510585323
0.1359243206819668,6717.989174636688,905.3067227169673,6460.546929762217,1040.2272184371948,0.012606713741077977
0.1359243206819668,6704.509148941243,905.3067227169673,6460.546929762217,1031.8948974704742,0.02207135992458203
0.1359243206819668,6665.316189460398,905.3067227169673,6460.546929762217,1012.4450908521015,0.04051090435756037
0.1359243206819668,6739.16442125595,905.3067227169673,6460.546929762217,1051.8390966796876,0.0015743095079798102
0.1359243206819668,6714.43412514684,905.3067227169673,6460.546929762217,1038.0344173240662,0.014886527768645146
0.1359243206819668,6691.0851920018,905.3067227169673,6460.546929762217,1027.3774101816814,0.025878115957365132
0.1359243206819668,6718.306365537465,905.3067227169673,6460.546929762217,1040.4036946678161,0.012219077831879255
0.1359243206819668,6706.395492973023,905.3067227169673,6460.546929762217,1036.4408935769397,0.01615653604988842
0.1359243206819668,6667.916694561564,905.3067227169673,6460.546929762217,1016.6118027566274,0.035200739851604955
0.1359243206819668,6660.211208225759,905.3067227169673,6460.546929762217,1013.6486422780354,0.038231005972382055
0.1359243206819668,6675.162860777843,905.3067227169673,6460.546929762217,1020.2645693613688,0.032077071744903235
0.1359243206819668,6649.504401644898,905.3067227169673,6460.546929762217,1007.760817079544,0.04363869748865092
0.1359243206819668,6685.625504863383,905.3067227169673,6460.546929762217,1025.3492965653736,0.02837740929103672
0.1359243206819668,6644.994101355438,905.3067227169673,6460.546929762217,1005.6741448694863,0.04395763331213955
0.1359243206819668,6646.511997712606,905.3067227169673,6460.546929762217,1009.0185361550649,0.04289515585852481
0.1359243206819668,6696.099917024842,905.3067227169673,6460.546929762217,1030.4233965002695,0.022735845241112166
0.1359243206819668,6666.651994780578,905.3067227169673,6460.546929762217,1016.1719420859018,0.03590872050420049
0.1359243206819668,6646.5158200747155,905.3067227169673,6460.546929762217,1005.1224254811605,0.04577112481597493
0.1359243206819668,6546.89757920634,905.3067227169673,6460.546929762217,980.2238574062983,0.06700020914287609
0.1359243206819668,6662.4072873663845,905.3067227169673,6460.546929762217,1013.4279788665771,0.038026449166234995
0.1359243206819668,6539.818201464284,905.3067227169673,6460.546929762217,979.2001256221135,0.06790981667249896
0.1359243206819668,6557.550553406729,905.3067227169673,6460.546929762217,980.9160232070286,0.06626723297405854
0.1359243206819668,6656.8689014152005,905.3067227169673,6460.546929762217,1012.5526409600575,0.037788797970694246
0.1359243206819668,6616.933085990854,905.3067227169673,6460.546929762217,996.4012304814656,0.0531787257273849
0.1359243206819668,6554.09419404241,905.3067227169673,6460.546929762217,981.9802715501786,0.06487026831514082
0.1359243206819668,6515.556055813243,905.3067227169673,6460.546929762217,979.0709986432395,0.06704598251585303
0.1359243206819668,6642.543760347493,905.3067227169673,6460.546929762217,1002.1546552829741,0.04840821913131843
0.1359243206819668,6685.044195704396,905.3067227169673,6460.546929762217,1025.9417776819864,0.02640944513869619
0.1359243206819668,6534.237198268838,905.3067227169673,6460.546929762217,973.6904635521572,0.07278588915845498
0.1359243206819668,6581.057423771312,905.3067227169673,6460.546929762217,982.3209401960374,0.06619616362396552
0.1359243206819668,6554.00242687327,905.3067227169673,6460.546929762217,970.3496643657684,0.07585994722486293
0.1359243206819668,6599.879885433299,905.3067227169673,6460.546929762217,981.7442247330348,0.0655703147649908
0.1359243206819668,6563.674948212077,905.3067227169673,6460.546929762217,976.000116159757,0.07024138609407618
0.1359243206819668,6583.918286099702,905.3067227169673,6460.546929762217,977.0796135873795,0.07025867480570874
0.1359243206819668,6489.096942876537,905.3067227169673,6460.546929762217,963.3250980599722,0.0831252202003534
0.1359243206819668,6548.675367063242,905.3067227169673,6460.546929762217,971.32611854585,0.07533345393634316
0.1359243206819668,6520.88616594345,905.3067227169673,6460.546929762217,964.5038706130982,0.08109954478819174
0.1359243206819668,6558.596417568716,905.3067227169673,6460.546929762217,977.3825226440429,0.07037976197041401
0.1359243206819668,6619.449505448661,905.3067227169673,6460.546929762217,990.78546875,0.058028358064798974
0.1359243206819668,6562.0335111210625,905.3067227169673,6460.546929762217,976.9616143366496,0.07064150059532696
0.1359243206819668,6577.071279109852,905.3067227169673,6460.546929762217,977.9170381126404,0.0694734236022014
0.1359243206819668,6516.520497997742,905.3067227169673,6460.546929762217,959.4312583055496,0.08647112246033448
0.1359243206819668,6511.479869967548,905.3067227169673,6460.546929762217,958.4975916964213,0.08623529669956234
0.1359243206819668,6593.047320653992,905.3067227169673,6460.546929762217,985.8814371980031,0.061970394704321835
0.1359243206819668,6475.185077061564,905.3067227169673,6460.546929762217,951.3862581774393,0.09271277078469257
0.1359243206819668,6483.866130480702,905.3067227169673,6460.546929762217,951.7248731155397,0.09292019338301744
0.1359243206819668,6504.080082884216,905.3067227169673,6460.546929762217,960.8981360098521,0.08398966456174799
0.1359243206819668,6477.609695561828,905.3067227169673,6460.546929762217,946.45460998408,0.09783992857722631
0.1359243206819668,6521.750150852966,905.3067227169673,6460.546929762217,961.9963259512584,0.0840563142475119
0.1359243206819668,6525.235545391897,905.3067227169673,6460.546929762217,959.3776970481872,0.08639424173755654
0.1359243206819668,6574.627302302296,905.3067227169673,6460.546929762217,977.1052630379995,0.07048919635780865
0.1359243206819668,6519.791721795144,905.3067227169673,6460.546929762217,960.3093856321971,0.08599278422440876
0.1359243206819668,6455.718359366912,905.3067227169673,6460.546929762217,943.8917339744568,0.10071083309244842
0.1359243206819668,6495.876436657257,905.3067227169673,6460.546929762217,946.487534977277,0.09676315036142338
0.1359243206819668,6559.942609659728,905.3067227169673,6460.546929762217,971.1158357327779,0.07566249501596319
0.1359243206819668,6491.630833147633,905.3067227169673,6460.546929762217,949.1625755605696,0.0950603499957111
0.1359243206819668,6385.322145684357,905.3067227169673,6460.546929762217,950.7885161485673,0.09468203420058317
0.1359243206819668,6461.760088965606,905.3067227169673,6460.546929762217,945.2324253883363,0.09866054538442065
0.1359243206819668,6519.549281321716,905.3067227169673,6460.546929762217,952.9868539520899,0.09203387783686268
0.1359243206819668,6528.406747021841,905.3067227169673,6460.546929762217,961.2964599450429,0.08347491873753377
0.1359243206819668,6499.792403806355,905.3067227169673,6460.546929762217,958.2508149747849,0.08634402302315847
0.1359243206819668,6481.083700431619,905.3067227169673,6460.546929762217,946.5281324195862,0.09788977384224831
0.1359243206819668,6544.192973644103,905.3067227169673,6460.546929762217,962.2105615269343,0.08319603204317552
0.1359243206819668,6489.011688300882,905.3067227169673,6460.546929762217,945.8146210387548,0.0984702147207911
0.1359243206819668,6328.9726177493285,905.3067227169673,6460.546929762217,964.5650270875294,0.08167139058929183
0.1359243206819668,6398.7151235536185,905.3067227169673,6460.546929762217,953.784371383667,0.09068135041890034
0.1359243206819668,6352.497457136687,905.3067227169673,6460.546929762217,956.5891142902375,0.08863551698778144
0.1359243206819668,6415.676206303356,905.3067227169673,6460.546929762217,956.5961809501648,0.0872129611461825
0.1359243206819668,6453.739876801148,905.3067227169673,6460.546929762217,950.0047968435288,0.09416041354497881
0.1359243206819668,6441.856476808827,905.3067227169673,6460.546929762217,942.0118077700935,0.10037793945555278
0.1359243206819668,6442.286599661052,905.3067227169673,6460.546929762217,940.7428829078675,0.10292721891921461
0.1359243206819668,6432.527500155843,905.3067227169673,6460.546929762217,946.7408309415181,0.09745325096684983
0.1359243206819668,6429.054466124064,905.3067227169673,6460.546929762217,936.5776982355119,0.10734188136998975
0.1359243206819668,6471.8609568271895,905.3067227169673,6460.546929762217,936.7119094343186,0.10674249088583339
0.1359243206819668,6376.186204647368,905.3067227169673,6460.546929762217,941.3731024347943,0.10374010767199486
0.1359243206819668,6447.553875665995,905.3067227169673,6460.546929762217,932.2544915781023,0.11115013564391568
0.1359243206819668,6479.08719167094,905.3067227169673,6460.546929762217,942.7789998346965,0.10021569180833771
0.1359243206819668,6463.184742642162,905.3067227169673,6460.546929762217,934.4236590563457,0.10828300931735207
0.1359243206819668,6492.985660316772,905.3067227169673,6460.546929762217,944.9340411170325,0.09974075645597857
0.1359243206819668,6590.8420783636475,905.3067227169673,6460.546929762217,980.5162051432926,0.06625324423618056
0.1359243206819668,6524.031915652313,905.3067227169673,6460.546929762217,954.7875740308762,0.08877943519451716
0.1359243206819668,6521.611347980703,905.3067227169673,6460.546929762217,947.1138211882909,0.097146863723417
0.1359243206819668,6456.910312608438,905.3067227169673,6460.546929762217,932.4927134606045,0.10923107118949328
0.1359243206819668,6481.730093241119,905.3067227169673,6460.546929762217,938.0989119898478,0.10500020970516198
0.1359243206819668,6473.291655384216,905.3067227169673,6460.546929762217,934.7698792842228,0.10720919299555076
0.1359243206819668,6499.982266839547,905.3067227169673,6460.546929762217,938.6567977806728,0.10362051440337149
0.1359243206819668,6480.463824897105,905.3067227169673,6460.546929762217,934.873172592163,0.10708957565088964
0.1359243206819668,6504.442344624328,905.3067227169673,6460.546929762217,940.0922567841212,0.10235871079841063
0.1359243206819668,6488.721886827189,905.3067227169673,6460.546929762217,933.1252275002797,0.10838335532935753
0.1359243206819668,6425.690553605702,905.3067227169673,6460.546929762217,923.3158713445664,0.11899601122663597
0.1359243206819668,6506.9123150563555,905.3067227169673,6460.546929762217,946.1827106285095,0.09868166619198342
0.1359243206819668,6457.469783743591,905.3067227169673,6460.546929762217,926.9821461200715,0.11382046228796666
0.1359243206819668,6488.161987488912,905.3067227169673,6460.546929762217,939.4219304367703,0.10260605238088714
0.1359243206819668,6481.245696303355,905.3067227169673,6460.546929762217,937.1468613125483,0.10650599532105982
0.1359243206819668,6417.4967220615645,905.3067227169673,6460.546929762217,923.0922482096354,0.12040556267936178
0.1359243206819668,6559.940974386953,905.3067227169673,6460.546929762217,965.2278568328221,0.07905831519102503
0.1359243206819668,6557.558942314301,905.3067227169673,6460.546929762217,962.7653949251174,0.0828202105928036
0.1359243206819668,6468.38109136912,905.3067227169673,6460.546929762217,932.0272001342773,0.10965059264728146
0.1359243206819668,6500.21533576716,905.3067227169673,6460.546929762217,938.4664624220532,0.10449967518147923
0.1359243206819668,6453.37116184555,905.3067227169673,6460.546929762217,931.792880590121,0.1113328223917115
0.1359243206819668,6535.982562207131,905.3067227169673,6460.546929762217,954.8101580505371,0.08882809410803319
0.1359243206819668,6429.073799806621,905.3067227169673,6460.546929762217,926.6037832854589,0.11622013531162899
0.1359243206819668,6452.686268210397,905.3067227169673,6460.546929762217,925.9588904593786,0.11645550664512064
0.1359243206819668,6483.308569092814,905.3067227169673,6460.546929762217,936.9217764978407,0.10590651276092478
0.1359243206819668,6498.006427577718,905.3067227169673,6460.546929762217,940.8177026824951,0.10173527488914857
0.1359243206819668,6376.055598590341,905.3067227169673,6460.546929762217,927.5700624128979,0.11650333254978432
0.1359243206819668,6424.826069345549,905.3067227169673,6460.546929762217,920.8261296577455,0.12094303639747446
0.1359243206819668,6468.653152637482,905.3067227169673,6460.546929762217,935.5891526498795,0.1081907717924554
0.1359243206819668,6464.859647369383,905.3067227169673,6460.546929762217,929.6506297887166,0.11273223447663272
0.1359243206819668,6383.19611135376,905.3067227169673,6460.546929762217,935.0091632111868,0.10883834781458278
0.1359243206819668,6267.560738702189,905.3067227169673,6460.546929762217,996.7302056678136,0.05130289060432305
0.1359243206819668,6630.846959727172,905.3067227169673,6460.546929762217,1001.5143522109985,0.04708883396060212
0.1359243206819668,6435.0211625503525,905.3067227169673,6460.546929762217,944.0744454495112,0.10168121452995031
0.1359243206819668,6533.465435696716,905.3067227169673,6460.546929762217,958.1133633213045,0.0871959346394169
0.1359243206819668,6470.365598974966,905.3067227169673,6460.546929762217,952.8877458308539,0.09220817717466073
0.1359243206819668,6498.397497746326,905.3067227169673,6460.546929762217,952.8058084252676,0.09314340210920986
0.1359243206819668,6483.349498441771,905.3067227169673,6460.546929762217,946.6002495416005,0.09793787897391448
0.1359243206819668,6500.550684152576,905.3067227169673,6460.546929762217,945.3271316604616,0.09768042665156981
0.1359243206819668,6511.688396790465,905.3067227169673,6460.546929762217,948.8223857717514,0.09374022551467545
0.1359243206819668,6499.294680629271,905.3067227169673,6460.546929762217,942.7616234963737,0.10073521733574746
0.1359243206819668,6521.54600215505,905.3067227169673,6460.546929762217,950.2989889942805,0.09213209027300744
0.1359243206819668,6470.028069074452,905.3067227169673,6460.546929762217,927.4226090628307,0.1137156849313719
0.1359243206819668,6463.709618530577,905.3067227169673,6460.546929762217,925.3254360319773,0.11666791879651704
0.1359243206819668,6444.391842704925,905.3067227169673,6460.546929762217,921.9016875845592,0.11903104256847503
0.1359243206819668,6475.187317488911,905.3067227169673,6460.546929762217,930.9617642774581,0.11111407978693329
0.1359243206819668,6488.557539074452,905.3067227169673,6460.546929762217,937.3281813449861,0.10565565014346577
0.1359243206819668,6512.029255558827,905.3067227169673,6460.546929762217,942.9552028646468,0.09989900862255402
0.1359243206819668,6497.082398561299,905.3067227169673,6460.546929762217,940.0186175982157,0.10283500542329495
0.1359243206819668,6531.3691045141595,905.3067227169673,6460.546929762217,950.1983745250702,0.094340631550532
0.1359243206819668,6461.966503210398,905.3067227169673,6460.546929762217,927.3101512276331,0.11516937169622427
0.1359243206819668,6449.978777723287,905.3067227169673,6460.546929762217,921.7419380114874,0.120895913194235
0.1359243206819668,6412.120352421466,905.3067227169673,6460.546929762217,907.431634423256,0.13329265923927544
0.1359243206819668,6543.623778156992,905.3067227169673,6460.546929762217,956.2684473381044,0.08850126982746928
0.1359243206819668,6564.379774602966,905.3067227169673,6460.546929762217,966.5419208240509,0.07976651326348976
0.1359243206819668,6491.895093233438,905.3067227169673,6460.546929762217,934.3884607489905,0.10854270124189304
0.1359243206819668,6498.630002139688,905.3067227169673,6460.546929762217,938.0925333401362,0.1057985894680737
0.1359243206819668,6471.513748645426,905.3067227169673,6460.546929762217,928.0639918880463,0.11386776024483745
0.1359243206819668,6493.777802943979,905.3067227169673,6460.546929762217,932.1668729693097,0.11057927523610217
0.1359243206819668,6472.6598633589665,905.3067227169673,6460.546929762217,928.2319857031504,0.11365977607631493
0.1359243206819668,6469.897668624064,905.3067227169673,6460.546929762217,923.7826072791418,0.11896774230596378
0.1359243206819668,6444.74384652837,905.3067227169673,6460.546929762217,923.9128609215419,0.11767552661595981
0.1359243206819668,6488.053244446715,905.3067227169673,6460.546929762217,928.0782541573842,0.11345178138594485
0.1359243206819668,6462.340988478494,905.3067227169673,6460.546929762217,917.6433522691726,0.12411975030141877
0.1359243206819668,6428.922298861438,905.3067227169673,6460.546929762217,918.9114907951355,0.1215840620541
0.1359243206819668,6487.7580619390355,905.3067227169673,6460.546929762217,929.2570188090008,0.112142075634448
0.1359243206819668,6407.990847942299,905.3067227169673,6460.546929762217,914.8520047566095,0.12582923079469455
0.1359243206819668,6496.234926629537,905.3067227169673,6460.546929762217,934.105541045189,0.10951057673904818
0.1359243206819668,6520.048104253742,905.3067227169673,6460.546929762217,943.947380127589,0.09954631887331117
0.1359243206819668,6403.312351442565,905.3067227169673,6460.546929762217,902.9032204027176,0.13603000135679721
0.1359243206819668,6386.779890780843,905.3067227169673,6460.546929762217,909.7591853936515,0.13054984588127672
0.1359243206819668,6441.426880882008,905.3067227169673,6460.546929762217,911.8745628878277,0.12830912657204274
0.1359243206819668,6416.379922108967,905.3067227169673,6460.546929762217,909.1232885287603,0.1316158469279497
0.1359243206819668,6490.776018795675,905.3067227169673,6460.546929762217,932.7530768658321,0.11042172899307862
0.1359243206819668,6383.966532041522,905.3067227169673,6460.546929762217,899.9899101978938,0.1382988939186373
0.1359243206819668,6504.311263360645,905.3067227169673,6460.546929762217,936.1825887117385,0.10694807247345556
0.1359243206819668,6487.005139864706,905.3067227169673,6460.546929762217,928.4178770666123,0.11322608371309548
0.1359243206819668,6537.146116660257,905.3067227169673,6460.546929762217,950.3836731967926,0.09343404533983474
0.1359243206819668,6533.9503530114225,905.3067227169673,6460.546929762217,948.7069225362142,0.09635641494596271
0.1359243206819668,6473.209791785786,905.3067227169673,6460.546929762217,922.9884980732601,0.11788774534937094
0.1359243206819668,6463.442141480966,905.3067227169673,6460.546929762217,921.212567568779,0.11895232878638817
0.1359243206819668,6496.92889312627,905.3067227169673,6460.546929762217,935.625270544688,0.10718987970868604
0.1359243206819668,6471.390302533314,905.3067227169673,6460.546929762217,931.4890318787892,0.11100923085604329
0.1359243206819668,6546.145629633686,905.3067227169673,6460.546929762217,955.370337152481,0.08997879547369989
0.1359243206819668,6465.3980550333135,905.3067227169673,6460.546929762217,924.0952137276331,0.11658387073282464
0.1359243206819668,6423.976183770953,905.3067227169673,6460.546929762217,906.6909878063202,0.1330752272994984
0.1359243206819668,6455.9594641923,905.3067227169673,6460.546929762217,914.3413344078062,0.12459150096839888
0.1359243206819668,6497.106999373271,905.3067227169673,6460.546929762217,932.4460861304601,0.11093704882610429
0.1359243206819668,6406.814172744647,905.3067227169673,6460.546929762217,906.800119342804,0.13254935933445924
0.1359243206819668,6430.887097859496,905.3067227169673,6460.546929762217,910.4234188903173,0.12886494930437842
0.1359243206819668,6476.31495326248,905.3067227169673,6460.546929762217,927.0725237175625,0.11539026415934024
0.1359243206819668,6511.009904652047,905.3067227169673,6460.546929762217,938.0677816088995,0.10510677853620777
0.1359243206819668,6477.4264589609265,905.3067227169673,6460.546929762217,927.9096871452332,0.11264044578049787
0.1359243206819668,6393.890872625121,905.3067227169673,6460.546929762217,904.9639490661621,0.13581949577505065
0.1359243206819668,6537.566836998799,905.3067227169673,6460.546929762217,948.7087524611155,0.0962421417291046
0.1359243206819668,6520.7262229256185,905.3067227169673,6460.546929762217,944.7444804789225,0.0993800339343622
0.1359243206819668,6506.565352508951,905.3067227169673,6460.546929762217,935.2744243984223,0.10774257739482797
0.1359243206819668,6554.365283683827,905.3067227169673,6460.546929762217,957.449521018982,0.0897042458331367
0.1359243206819668,6515.632770993856,905.3067227169673,6460.546929762217,949.4633145640692,0.0934590951053246
0.1359243206819668,6302.87163338969,905.3067227169673,6460.546929762217,956.5568644615809,0.09243050407968006
0.1359243206819668,6559.615296894632,905.3067227169673,6460.546929762217,973.7231151924134,0.07206449526328192
0.1359243206819668,6520.864452050882,905.3067227169673,6460.546929762217,954.3760439036688,0.08967039210794146
0.1359243206819668,6407.3491782548,905.3067227169673,6460.546929762217,928.0353988355002,0.11581084281152569
0.1359243206819668,6526.756498225758,905.3067227169673,6460.546929762217,951.574507021586,0.09318529021154529
0.1359243206819668,6493.727846243591,905.3067227169673,6460.546929762217,937.3110090824764,0.1068911331036875
0.1359243206819668,6530.854765082395,905.3067227169673,6460.546929762217,949.364005185763,0.09560898041150451
0.1359243206819668,6437.61945183319,905.3067227169673,6460.546929762217,918.9682697073619,0.12236969821803417
0.1359243206819668,6384.4811317627455,905.3067227169673,6460.546929762217,908.7458520879745,0.1307433865577403
0.1359243206819668,6489.093398423409,905.3067227169673,6460.546929762217,930.9854060614905,0.11134184648701895
0.1359243206819668,6524.105099193977,905.3067227169673,6460.546929762217,942.8143025426864,0.1020935466127315
0.1359243206819668,6534.048195061036,905.3067227169673,6460.546929762217,948.9874847138723,0.09628604919162942
0.1359243206819668,6468.874876608174,905.3067227169673,6460.546929762217,922.7005692974727,0.11927867744378999
0.1359243206819668,6478.227022727965,905.3067227169673,6460.546929762217,926.1597020772299,0.11787134341461936
0.1359243206819668,6498.9602283499635,905.3067227169673,6460.546929762217,931.784160235087,0.11186705220482765
0.1359243206819668,6501.05835125427,905.3067227169673,6460.546929762217,931.1712697200776,0.11259770159107406
0.1359243206819668,6502.323796277312,905.3067227169673,6460.546929762217,933.4026887731552,0.11154470595882274
0.1359243206819668,6507.805619305826,905.3067227169673,6460.546929762217,933.849018242518,0.11055298456269781
0.1359243206819668,6421.532528496856,905.3067227169673,6460.546929762217,899.1087025976179,0.1395909275669209
0.1359243206819668,6484.758762842814,905.3067227169673,6460.546929762217,923.2993384017946,0.11925920488751544
0.1359243206819668,6537.227966985117,905.3067227169673,6460.546929762217,948.9450927772522,0.09583388803517572
0.1359243206819668,6472.634536298674,905.3067227169673,6460.546929762217,920.164511159261,0.12141612583645679
0.1359243206819668,6499.154020941771,905.3067227169673,6460.546929762217,932.1970246715546,0.11180719189339569
0.1359243206819668,6508.92964827952,905.3067227169673,6460.546929762217,935.2153548933665,0.10806705433456504
0.1359243206819668,6481.593051504006,905.3067227169673,6460.546929762217,924.7548722531001,0.11764818537552575
0.1359243206819668,6475.418413326923,905.3067227169673,6460.546929762217,920.8982808437347,0.12046666832895381
0.1359243206819668,6459.396747194772,905.3067227169673,6460.546929762217,915.5830645313263,0.12559193188872705
0.1359243206819668,6474.444880319773,905.3067227169673,6460.546929762217,923.6417461783091,0.11876958244740608
0.1359243206819668,6443.224695877329,905.3067227169673,6460.546929762217,911.4524890559513,0.1281522048443201
0.1359243206819668,6434.035451580453,905.3067227169673,6460.546929762217,912.9609358727135,0.12760184002184446
0.1359243206819668,6453.563802738646,905.3067227169673,6460.546929762217,913.9085875784555,0.12612304108281205
0.1359243206819668,6472.97070919998,905.3067227169673,6460.546929762217,917.0877428709666,0.12280036527339071
0.1359243206819668,6483.514215621592,905.3067227169673,6460.546929762217,926.0957655795414,0.11579751411076625
0.1359243206819668,6543.139428366648,905.3067227169673,6460.546929762217,952.8531693064372,0.09197561679951073
0.1359243206819668,6439.979108351287,905.3067227169673,6460.546929762217,911.7864863182704,0.12833816804919582
0.1359243206819668,6442.526265312092,905.3067227169673,6460.546929762217,909.0318872070311,0.13019260780108302
0.1359243206819668,6411.616550207927,905.3067227169673,6460.546929762217,910.2807391309736,0.1292316508074202
0.1359243206819668,6454.73252620519,905.3067227169673,6460.546929762217,918.9679189488094,0.12278085032143292
0.1359243206819668,6473.977469415994,905.3067227169673,6460.546929762217,918.028895374298,0.12177308350844411
0.1359243206819668,6509.897018196715,905.3067227169673,6460.546929762217,934.70354331398,0.10701076480927468
0.1359243206819668,6497.026029475757,905.3067227169673,6460.546929762217,930.8445071907045,0.10991863166564184
0.1359243206819668,6531.262824979907,905.3067227169673,6460.546929762217,945.4459375038147,0.0982534927265743
0.1359243206819668,6458.317578221078,905.3067227169673,6460.546929762217,916.9877353798548,0.12227769478630084
0.1359243206819668,6495.520395468342,905.3067227169673,6460.546929762217,932.4832171548207,0.11026732055730389
0.1359243206819668,6485.826201150106,905.3067227169673,6460.546929762217,924.5872998307547,0.11649524672310203
0.1359243206819668,6543.017009408313,905.3067227169673,6460.546929762217,954.8107916081747,0.09002124693105007
0.1359243206819668,6462.7698123172995,905.3067227169673,6460.546929762217,915.7712074403762,0.12393763279231507
0.1359243206819668,6541.502495391896,905.3067227169673,6460.546929762217,949.9867859865824,0.09643251770351188
0.1359243206819668,6434.898694765217,905.3067227169673,6460.546929762217,910.8261871096294,0.12879711547012157
0.1359243206819668,6454.892126788788,905.3067227169673,6460.546929762217,924.492815185547,0.11708112444707014
0.1359243206819668,6574.433439443715,905.3067227169673,6460.546929762217,968.2735358174643,0.07720053815175534
0.1359243206819668,6510.097575108438,905.3067227169673,6460.546929762217,938.5670960515341,0.10466973095017704
0.1359243206819668,6533.9123892247,905.3067227169673,6460.546929762217,947.7043658892314,0.09550336515319825
0.1359243206819668,6465.871867395425,905.3067227169673,6460.546929762217,920.996468017578,0.11795783873767533
0.1359243206819668,6461.452651986439,905.3067227169673,6460.546929762217,919.3239829549789,0.12059452340836214
0.1359243206819668,6547.479314871062,905.3067227169673,6460.546929762217,955.6638210191726,0.08908724214448856
0.1359243206819668,6582.718328837076,905.3067227169673,6460.546929762217,977.5349051240285,0.06730255926028157
0.1359243206819668,6463.189102113647,905.3067227169673,6460.546929762217,934.3413554789225,0.10770999228102704
0.1359243206819668,6464.693410696715,905.3067227169673,6460.546929762217,926.8118469928106,0.11387236066364068
0.1359243206819668,6524.35339840037,905.3067227169673,6460.546929762217,945.5573574088413,0.0984545759710742
0.1359243206819668,6474.351400290729,905.3067227169673,6460.546929762217,926.8969491637548,0.11337212107613487
0.1359243206819668,6512.111854402312,905.3067227169673,6460.546929762217,941.1413150720597,0.10155634584394554
0.1359243206819668,6497.012859889423,905.3067227169673,6460.546929762217,934.0957270218531,0.10784022320641458
0.1359243206819668,6455.182696234231,905.3067227169673,6460.546929762217,915.752826086998,0.12370076857999207
0.1359243206819668,6539.377545183563,905.3067227169673,6460.546929762217,950.5534214000701,0.09350084066723018
0.1359243206819668,6491.5769831659945,905.3067227169673,6460.546929762217,931.2778322464626,0.10942474146547494
0.1359243206819668,6544.096927461546,905.3067227169673,6460.546929762217,952.4665447597503,0.09123939838031025
0.1359243206819668,6455.034309694772,905.3067227169673,6460.546929762217,919.4822610680261,0.11985321189157105
0.1359243206819668,6419.305304757537,905.3067227169673,6460.546929762217,905.6622977898916,0.1324291652213209
0.1359243206819668,6429.614270564827,905.3067227169673,6460.546929762217,908.6253799349466,0.12896602586240913
0.1359243206819668,6523.598554933827,905.3067227169673,6460.546929762217,943.4821658725738,0.09898801667485443
0.1359243206819668,6562.419176683296,905.3067227169673,6460.546929762217,959.1655325584412,0.0849631355284347
0.1359243206819668,6493.784516902312,905.3067227169673,6460.546929762217,931.3043994960784,0.10995714534279807
0.1359243206819668,6544.153860526784,905.3067227169673,6460.546929762217,953.0702169634501,0.09155417115985537
0.1359243206819668,6489.904942675883,905.3067227169673,6460.546929762217,928.5340366376241,0.1109259440904321
0.1359243206819668,6532.389584089813,905.3067227169673,6460.546929762217,947.7273621552786,0.09585762585626915
0.1359243206819668,6532.041853136951,905.3067227169673,6460.546929762217,947.7381076043447,0.09507812865084757
0.1359243206819668,6526.646481712341,905.3067227169673,6460.546929762217,944.1194913934072,0.0994342362558776
0.1359243206819668,6507.526875243327,905.3067227169673,6460.546929762217,934.5252373571395,0.10763776907286342
0.1359243206819668,6540.161050727436,905.3067227169673,6460.546929762217,950.9864627348583,0.09259213466240432
0.1359243206819668,6490.0052058115625,905.3067227169673,6460.546929762217,927.7042226718268,0.11235125677421044
0.1359243206819668,6530.965903136953,905.3067227169673,6460.546929762217,948.0394681186677,0.09437081763674289
0.1359243206819668,6492.558476897634,905.3067227169673,6460.546929762217,932.3919192504883,0.10983606450778215
0.1359243206819668,6495.573923061827,905.3067227169673,6460.546929762217,930.5165109341939,0.11205514827320631
0.1359243206819668,6438.828612272899,905.3067227169673,6460.546929762217,908.9826934658687,0.12908591625662605
0.1359243206819668,6483.247345071717,905.3067227169673,6460.546929762217,927.2048892679214,0.11184605015565637
0.1359243206819668,6512.454875555825,905.3067227169673,6460.546929762217,939.4145909932455,0.1031533275130764
0.1359243206819668,6406.842156929676,905.3067227169673,6460.546929762217,909.2290139710109,0.1293369445186433
0.1359243206819668,6351.3344242767835,905.3067227169673,6460.546929762217,991.4654919023513,0.05241737585766886
0.1359243206819668,6246.330213674469,905.3067227169673,6460.546929762217,1011.9970675964356,0.04611946771001312
0.1359243206819668,6313.486047496591,905.3067227169673,6460.546929762217,1013.9874847103753,0.039857941201205144
0.1359243206819668,6457.6518807518,905.3067227169673,6460.546929762217,972.7412829332351,0.07770958607899504
0.1359243206819668,6550.730599798939,905.3067227169673,6460.546929762217,983.7287049255372,0.06354836701257546
0.1359243206819668,6608.902476079661,905.3067227169673,6460.546929762217,990.6327736498514,0.055483969681624015
0.1359243206819668,6603.068266931355,905.3067227169673,6460.546929762217,987.2791942383448,0.0587392529369675
0.1359243206819668,6557.369907977701,905.3067227169673,6460.546929762217,968.7150364071528,0.07610347881847526
0.1359243206819668,6535.696741470286,905.3067227169673,6460.546929762217,959.2045350131988,0.08640574303889263
0.1359243206819668,6563.174130626271,905.3067227169673,6460.546929762217,968.2638893362682,0.0771589535223659
0.1359243206819668,6507.127010457662,905.3067227169673,6460.546929762217,951.2402660385767,0.09304421569005943
0.1359243206819668,6548.765004045409,905.3067227169673,6460.546929762217,963.0693391574224,0.08327844826751521
0.1359243206819668,6567.502283808034,905.3067227169673,6460.546929762217,967.4716539719899,0.07912262834590127
0.1359243206819668,6521.06531920466,905.3067227169673,6460.546929762217,952.6310516344706,0.09234156785527065
0.1359243206819668,6576.856355805561,905.3067227169673,6460.546929762217,972.3977662830353,0.07365593937476224
0.1359243206819668,6537.808281865589,905.3067227169673,6460.546929762217,954.8645452543896,0.09072118827532602
0.1359243206819668,6591.389905467019,905.3067227169673,6460.546929762217,976.5220926176708,0.07187935989752678
0.1359243206819668,6581.229330120798,905.3067227169673,6460.546929762217,970.63258155632,0.07634372212818216
0.1359243206819668,6565.0649319253525,905.3067227169673,6460.546929762217,963.6787251046497,0.08289847633083651
0.1359243206819668,6536.2849497929365,905.3067227169673,6460.546929762217,951.6692181123097,0.09350439240442456
0.1359243206819668,6587.896750940449,905.3067227169673,6460.546929762217,972.3111456610361,0.0764491928151495
0.1359243206819668,6554.533934961547,905.3067227169673,6460.546929762217,958.2410634771982,0.08742510287469711
0.1359243206819668,6577.781929250741,905.3067227169673,6460.546929762217,969.3234021848043,0.07767499122391751
0.1359243206819668,6526.939270496062,905.3067227169673,6460.546929762217,947.0800495576858,0.0973347371066004
0.1359243206819668,6528.418155131479,905.3067227169673,6460.546929762217,947.1367864716848,0.09778123430968194
0.1359243206819668,6493.5473678244525,905.3067227169673,6460.546929762217,934.418402399381,0.10927028604882842
0.1359243206819668,6459.141992864175,905.3067227169673,6460.546929762217,926.9576240526834,0.11514017796797982
0.1359243206819668,6530.533687769366,905.3067227169673,6460.546929762217,948.7031289815902,0.0964573369937872
0.1359243206819668,6546.001540761158,905.3067227169673,6460.546929762217,955.598614912669,0.08935633557634269
0.1359243206819668,6503.706466589813,905.3067227169673,6460.546929762217,933.649249590238,0.10880046357077004
0.1359243206819668,6488.091341504007,905.3067227169673,6460.546929762217,928.1392756350834,0.11381107264541576
0.1359243206819668,6602.950631658934,905.3067227169673,6460.546929762217,979.9415172437032,0.06809584636417522
0.1359243206819668,6536.330491586812,905.3067227169673,6460.546929762217,951.1732877642315,0.09234659184250522
0.1359243206819668,6459.519575145161,905.3067227169673,6460.546929762217,918.3552715365092,0.12350275312440924
0.1359243206819668,6523.427147342019,905.3067227169673,6460.546929762217,944.8325945676168,0.09842578827837975
0.1359243206819668,6504.963010555826,905.3067227169673,6460.546929762217,934.6498880310058,0.10774518599065623
0.1359243206819668,6528.49397499059,905.3067227169673,6460.546929762217,946.8695223051707,0.09569265000909441
0.1359243206819668,6508.048454800617,905.3067227169673,6460.546929762217,937.0975384216309,0.1049752778475567
0.1359243206819668,6566.415363893839,905.3067227169673,6460.546929762217,965.9188054987591,0.07996591879742562
0.1359243206819668,6571.517998403727,905.3067227169673,6460.546929762217,966.9347820517223,0.07893021227159623
0.1359243206819668,6507.6995882902,905.3067227169673,6460.546929762217,936.2906106417973,0.10631166700097167
0.1359243206819668,6504.498133944244,905.3067227169673,6460.546929762217,934.4961355991363,0.10719138678548525
0.1359243206819668,6509.388521545408,905.3067227169673,6460.546929762217,937.014275238037,0.10495247809337555
