policy_loss,0th HEFT run time cost,mean reward,time_elapsed,0th greedy qoe,time_one_episode,0th greedy energy cost,time_step,0th qoe ,0th run time cost ,0th greedy run time cost,value_loss,policy_entropy,clipfrac,approxkl,0th HEFT qoe,0th HEFT energy cost,0th energy cost 
0.18044278025627136,905.3067227169673,-0.4271662928625942,37.29255676269531,0.0,37.29255127906799,6742.046593811036,1,-0.17281844992274362,1223.368087638855,1053.4447802829743,0.13458555936813354,0.03608160838484764,0.9999966621398926,2.072314739227295,0.1359243206819668,6460.546929762217,6394.227430664672
-0.005787748843431473,905.3067227169673,-0.14752536403857103,68.3561623096466,0.0,30.47847867012024,6742.046593811036,2,-0.10197736169101908,1151.8070359490712,1053.4447802829743,0.020468764007091522,0.35467007756233215,0.11475665867328644,0.026179766282439232,0.1359243206819668,6460.546929762217,6489.047615093079
-0.009554944932460785,905.3067227169673,-0.08979481169259466,99.20200538635254,0.0,30.68931007385254,6742.046593811036,3,-0.04695891521884771,1096.5374942153294,1053.4447802829743,0.01232373621314764,0.3211354911327362,0.06794334203004837,0.006644639186561108,0.1359243206819668,6460.546929762217,6571.268504201658
-0.006548312958329916,905.3067227169673,-0.053600977474645456,130.4195716381073,0.0,31.10198402404785,6742.046593811036,4,-0.005870272126344765,1056.066402431488,1053.4447802829743,0.009933284483850002,0.27948543429374695,0.05791332572698593,0.0064448826014995575,0.1359243206819668,6460.546929762217,6601.331468391367
-0.005508084781467915,905.3067227169673,-0.022865584362622825,160.70054125785828,0.0006651327501879904,30.178370237350464,6741.154801076661,5,-0.018358921305331913,1071.3364723618824,1052.8383935642241,0.006505414843559265,0.2427918165922165,0.0467766635119915,0.004962905775755644,0.1359243206819668,6460.546929762217,6584.788251311035
-0.0026667267084121704,905.3067227169673,0.0007927296823448801,189.95367550849915,0.005748769791218404,29.136561632156372,6730.12131340205,6,0.03026230387376271,1017.0748588209152,1047.7004817771913,0.004729792010039091,0.2258927822113037,0.04506000131368637,0.00456386711448431,0.1359243206819668,6460.546929762217,6595.4509763217175
0.00039316032780334353,905.3067227169673,0.013081657015126655,219.4866487979889,0.012972853957935624,29.41625452041626,6711.625522222494,7,0.014015487968272898,1038.1557855253218,1039.055381682714,0.004940580576658249,0.22680501639842987,0.05285332724452019,0.005808991380035877,0.1359243206819668,6460.546929762217,6572.669250924733
-0.001351311570033431,905.3067227169673,0.023060413832112808,248.95803046226501,0.012874813574260943,29.368483304977417,6713.022520998535,8,0.032536654990952145,1016.5165261910756,1039.0060107517243,0.0061479476280510426,0.2345997840166092,0.03782999888062477,0.003086330834776163,0.1359243206819668,6460.546929762217,6593.590301946717
-0.0033864513970911503,905.3067227169673,0.03100424498272988,279.0375874042511,0.014182087751718742,29.97077250480652,6705.199438360647,9,0.032952161671133046,1013.1028241329192,1038.3393334891,0.003747000591829419,0.21441105008125305,0.03282000124454498,0.002478200476616621,0.1359243206819668,6460.546929762217,6599.935695558828
-0.0022640598472207785,905.3067227169673,0.037267346026392235,308.817001581192,0.021792311864293312,29.6947762966156,6696.9981309020495,10,0.052257259019940897,995.6394846515657,1029.621398443858,0.003332117572426796,0.19423477351665497,0.041269995272159576,0.003682216629385948,0.1359243206819668,6460.546929762217,6585.6382506463115
0.0005204074550420046,905.3067227169673,0.044138544202381766,337.9814610481262,0.030981765252819073,29.070648670196533,6664.436477315979,11,0.0498499155200623,994.7618640801111,1020.5953306798933,0.006192423403263092,0.19836203753948212,0.052213333547115326,0.00527766952291131,0.1359243206819668,6460.546929762217,6568.4971369343575
0.0032473881728947163,905.3067227169673,0.05085306710679193,366.4488778114319,0.03529813923949784,28.39046621322632,6660.505432435507,12,0.060809598031652784,983.9229769175846,1015.5782860190075,0.004689252004027367,0.19275228679180145,0.06595666706562042,0.008386434987187386,0.1359243206819668,6460.546929762217,6580.620365594227
-0.000860762782394886,905.3067227169673,0.05508346586841385,395.1833646297455,0.028482524799703007,28.652312994003296,6679.853353227438,13,0.04694803087600054,999.9264547293981,1022.7233298107784,0.0032452482264488935,0.18075963854789734,0.048376668244600296,0.0049212914891541,0.1359243206819668,6460.546929762217,6628.009594829661
-5.61736014788039e-05,905.3067227169673,0.04977107269267136,424.2077679634094,0.031159546694390583,28.93306565284729,6668.859148745269,14,0.05350040881134671,992.6561495345434,1019.305098648707,0.002808753401041031,0.1638740450143814,0.05508667975664139,0.01001028437167406,0.1359243206819668,6460.546929762217,6608.190028953603
-0.0013193588238209486,905.3067227169673,0.05154903446489325,453.1473546028137,0.049844656971239,28.84460473060608,6625.260164794616,15,0.05182623483687783,993.1435888875326,998.1607150646846,0.0033507882617413998,0.1557360142469406,0.046346671879291534,0.005899499170482159,0.1359243206819668,6460.546929762217,6570.392327939298
0.0017017002683132887,905.3067227169673,0.06321338896863597,482.37113523483276,0.05288117955929359,29.139097690582275,6610.574715215963,16,0.06402344847930026,981.247846311887,995.2312339134216,0.003399614943191409,0.16399402916431427,0.05379999801516533,0.007288586348295212,0.1359243206819668,6460.546929762217,6571.19383623291
0.0017815388273447752,905.3067227169673,0.06491853497947435,512.1285316944122,0.05644101817302008,29.65073800086975,6594.667794132893,17,0.06154834912805856,984.1644333101908,989.4576766735714,0.00413416838273406,0.16530956327915192,0.057623326778411865,0.007348167710006237,0.1359243206819668,6460.546929762217,6553.4393836411045
0.0008410172304138541,905.3067227169673,0.0652412004039165,541.9514007568359,0.06445279320413153,29.69804620742798,6575.531421223909,18,0.06258692334752385,982.1709146547317,980.2967203585306,0.003959572408348322,0.16251292824745178,0.05000999569892883,0.00602822657674551,0.1359243206819668,6460.546929762217,6521.512521145782
0.0037542711943387985,905.3067227169673,0.0690940004525219,571.2363188266754,0.06241424684993761,29.193532705307007,6580.425565955811,19,0.0720206384439129,970.6258988053004,982.9982475881577,0.006501996424049139,0.1638173758983612,0.0639033243060112,0.009010477922856808,0.1359243206819668,6460.546929762217,6542.673996612853
0.00106516620144248,905.3067227169673,0.07036706490083768,600.4083342552185,0.06414691056639948,29.081952810287476,6576.195654734854,20,0.07592463472429695,967.7550377575556,980.9881725196838,0.004938826896250248,0.15356220304965973,0.04283333569765091,0.005113300867378712,0.1359243206819668,6460.546929762217,6526.756956727702
0.0015893981326371431,905.3067227169673,0.07249704201629185,630.4504482746124,0.06776797353175805,29.94269299507141,6578.039014727173,21,0.07075009521095237,973.1726382265092,978.3769453220366,0.0040269894525408745,0.15510384738445282,0.05280333757400513,0.006842377129942179,0.1359243206819668,6460.546929762217,6525.721077634837
0.0005942491116002202,905.3067227169673,0.07420369202076643,660.1817190647125,0.07118837646214103,29.637601137161255,6564.9301052036035,22,0.07269229845257304,971.6256845639547,973.9918537270228,0.003140901681035757,0.1459752768278122,0.0456399992108345,0.006705440580844879,0.1359243206819668,6460.546929762217,6544.199485025992
-9.651387517806143e-05,905.3067227169673,0.07476451573570467,690.2401607036591,0.06799836661741393,29.96845579147339,6582.683561684977,23,0.07700994489078225,966.3513794527055,977.2530026432672,0.0035278748255223036,0.13979579508304596,0.03796999901533127,0.004831589292734861,0.1359243206819668,6460.546929762217,6547.328761591492
0.0018274694448336959,905.3067227169673,0.0760349575385848,719.7801070213318,0.07190257057969938,29.434350967407227,6573.861600007629,24,0.0680002257574018,976.4768309437434,973.0392531251907,0.0037989537231624126,0.1370812952518463,0.05359666422009468,0.007826121523976326,0.1359243206819668,6460.546929762217,6542.982679158935
0.0018338417867198586,905.3067227169673,0.07958938171947713,749.4228422641754,0.0751603498622794,29.55129098892212,6579.6239776224775,25,0.07884564205944752,964.3418737920126,969.3824260908763,0.003828246844932437,0.13504257798194885,0.053493332117795944,0.007250010035932064,0.1359243206819668,6460.546929762217,6542.6823028568515
-0.0004420596524141729,905.3067227169673,0.08003153157940147,778.6179931163788,0.07600412680108454,29.099867582321167,6572.916150307769,26,0.07098036566378207,973.8257005408606,968.7608508596421,0.003573024645447731,0.1325179934501648,0.044423334300518036,0.0052869548089802265,0.1359243206819668,6460.546929762217,6558.011977429503
0.0010289360070601106,905.3067227169673,0.07991527168964194,807.9036350250244,0.07579162725839145,29.18842077255249,6578.938780758157,27,0.07419572974678124,967.8721785322825,969.0945308694841,0.003543516620993614,0.12892669439315796,0.05000000447034836,0.006931422743946314,0.1359243206819668,6460.546929762217,6532.318005245005
0.000812289013992995,905.3067227169673,0.07886351758164574,838.3684861660004,0.07902455964009605,30.35966730117798,6563.9076908102425,28,0.0751403798699865,968.2821855020524,965.2183199151357,0.0038293879479169846,0.12440719455480576,0.04355333000421524,0.006096187978982925,0.1359243206819668,6460.546929762217,6542.071212015839
0.0022460033651441336,905.3067227169673,0.0816013584398992,868.4079759120941,0.07165323362788971,29.934434413909912,6582.11398421102,29,0.07962491833464591,963.7569552640915,972.8543815495173,0.0049186693504452705,0.1223316416144371,0.05385333299636841,0.009372987784445286,0.1359243206819668,6460.546929762217,6543.760264474437
0.00046456707059405744,905.3067227169673,0.08081292245303312,898.0127329826355,0.07823977915790473,29.50228190422058,6562.647770768839,30,0.07473853690518639,967.0894612048468,965.0568676726024,0.005633647553622723,0.12162153422832489,0.05013333633542061,0.008427280001342297,0.1359243206819668,6460.546929762217,6548.676800036673
0.00218593911267817,905.3067227169673,0.08273791508736518,926.4455273151398,0.08420235968560512,28.36748504638672,6547.274018276519,31,0.07541684854121708,968.6141785745621,958.0050033337275,0.006776174996048212,0.11935582011938095,0.06172666698694229,0.010941268876194954,0.1359243206819668,6460.546929762217,6524.788975810242
0.013316312804818153,905.3067227169673,0.08788270080341865,954.7968144416809,0.09054338043172332,28.256043910980225,6490.210923385365,32,0.08453079247432735,956.9907165431977,951.4359309899013,0.00582688907161355,0.1191364973783493,0.08263999968767166,0.027166983112692833,0.1359243206819668,6460.546929762217,6485.593653765311
0.0017210611840710044,905.3067227169673,0.08754202576770528,983.9460790157318,0.09060583073740437,29.027256965637207,6499.831706708019,33,0.08800690500864143,952.5092523110708,950.262821445783,0.0065816245041787624,0.12289868295192719,0.059650011360645294,0.011813010089099407,0.1359243206819668,6460.546929762217,6497.243216089019
0.002843510126695037,905.3067227169673,0.09220084990812044,1012.6494648456573,0.09000632436093146,28.58999514579773,6482.782519434712,34,0.09004307261860062,949.1306983528137,950.6634953975678,0.006598158739507198,0.1152351126074791,0.06035333126783371,0.019422372803092003,0.1359243206819668,6460.546929762217,6472.957308521576
0.00045078230323269963,905.3067227169673,0.09495597189623493,1042.3976666927338,0.0952555494461847,29.64896559715271,6482.873236819865,35,0.08846065368868775,954.27855515035,946.5811032622656,0.009776605293154716,0.10914723575115204,0.048336662352085114,0.009399623610079288,0.1359243206819668,6460.546929762217,6475.180281245271
0.003245043335482478,905.3067227169673,0.09799085265213688,1071.6870708465576,0.10250915262576896,29.15878677368164,6466.06030986974,36,0.09546727615617918,944.6715439888637,937.7781128775281,0.005527173634618521,0.10996423661708832,0.05571000650525093,0.013829335570335388,0.1359243206819668,6460.546929762217,6465.800459593963
0.005785643123090267,905.3067227169673,0.09956123654864317,1100.551880121231,0.09799594952147879,28.730435132980347,6467.337874825338,37,0.09602317286464049,941.5941832682292,942.267511390686,0.007637818343937397,0.10792259126901627,0.07004000246524811,0.023800775408744812,0.1359243206819668,6460.546929762217,6465.518649552561
0.0028753571677953005,905.3067227169673,0.10008264185461015,1130.05193400383,0.1011549148308802,29.398229598999023,6486.761220554506,38,0.09132624016271128,947.7293714001972,939.594520544688,0.007203572895377874,0.1105261892080307,0.06439666450023651,0.01746796816587448,0.1359243206819668,6460.546929762217,6484.786852533671
0.010710434056818485,905.3067227169673,0.10207356603870883,1159.6914393901825,0.10114547843311104,29.539151430130005,6491.694525870005,39,0.09522364776746274,944.4910897862117,940.3031519606907,0.00501676369458437,0.1019405871629715,0.08043666929006577,0.034930307418107986,0.1359243206819668,6460.546929762217,6472.781081323393
0.0018995351856574416,905.3067227169673,0.09927303351812,1189.5784974098206,0.10521061638606458,29.776710033416748,6492.713889825337,40,0.10162658126229332,940.5626802606582,936.3971070095699,0.004378069192171097,0.10281576216220856,0.05641000717878342,0.015346263535320759,0.1359243206819668,6460.546929762217,6481.859792297618
0.0021251612342894077,905.3067227169673,0.0995474277215897,1218.8885271549225,0.10844464349403532,29.20549464225769,6474.1808695939635,41,0.10560994572314135,935.4733762308756,931.8578127482731,0.004347151145339012,0.09876509010791779,0.05171000212430954,0.012024435214698315,0.1359243206819668,6460.546929762217,6457.181582956338
0.007543161511421204,905.3067227169673,0.10541904382141704,1247.898633480072,0.10669352572171018,28.905844688415527,6465.149106200867,42,0.10576940331684095,935.3622735064823,933.7838215401966,0.004345525987446308,0.09978696703910828,0.06712000072002411,0.025170695036649704,0.1359243206819668,6460.546929762217,6455.5408955421435
0.009395706467330456,905.3067227169673,0.10524898122131861,1277.7399234771729,0.10640670646917683,29.725011825561523,6448.974214921825,43,0.10492775141522563,933.807448712349,933.5280269641877,0.005418609827756882,0.10238847881555557,0.07163666933774948,0.03005492128431797,0.1359243206819668,6460.546929762217,6432.989448924561
0.0012076005805283785,905.3067227169673,0.10763008365160777,1306.9440150260925,0.11000650118472954,29.093932151794434,6466.157582041879,44,0.10584308868535729,934.2184883569082,930.4139502970378,0.004578170832246542,0.10396786779165268,0.05615333840250969,0.012811119668185711,0.1359243206819668,6460.546929762217,6456.273186521048
0.001131868688389659,905.3067227169673,0.10844035798294692,1336.2544696331024,0.11482956265103106,29.204838275909424,6451.0596378338105,45,0.10665872494461047,932.9592209711075,924.9868131386439,0.00412347074598074,0.10232094675302505,0.05059666559100151,0.012609526515007019,0.1359243206819668,6460.546929762217,6439.596967602436
0.0091038066893816,905.3067227169673,0.10932364982376912,1364.8193895816803,0.10439680787673206,28.447120666503906,6444.813574897105,46,0.10185983896438712,937.6247949288686,935.9431894207,0.004625928588211536,0.10714981704950333,0.07936999946832657,0.03288690000772476,0.1359243206819668,6460.546929762217,6440.795177201132
0.0035987317096441984,905.3067227169673,0.1023296325777517,1393.3765141963959,0.11481075946191406,28.453726291656494,6436.321825506743,47,0.1095842376763457,930.9809517189663,923.4761426458359,0.004321916960179806,0.10068868100643158,0.06247667595744133,0.017442593351006508,0.1359243206819668,6460.546929762217,6431.437719776254
0.00024637128808535635,905.3067227169673,0.10870088013623086,1422.1806988716125,0.12200478815285475,28.68431568145752,6443.695448063507,48,0.11336972743375362,926.3025605208079,916.6797941207885,0.004610375501215458,0.10125891864299774,0.056060004979372025,0.013110521249473095,0.1359243206819668,6460.546929762217,6452.169921444245
0.0018116151914000511,905.3067227169673,0.11224336688358857,1451.3035190105438,0.11962001638061288,28.995139122009277,6445.856284938507,49,0.1111776784121593,928.730968343099,919.1128369757336,0.0041988929733633995,0.09366638958454132,0.04968667030334473,0.015838174149394035,0.1359243206819668,6460.546929762217,6451.713194425354
0.011582624167203903,905.3067227169673,0.11288924275265799,1479.8715484142303,0.11925404514494874,28.44749402999878,6442.402107067922,50,0.11580546463436514,924.4620987021128,919.381021302859,0.004579818341881037,0.08977199345827103,0.07334332913160324,0.05129053443670273,0.1359243206819668,6460.546929762217,6443.090126985118
0.005354895722121,905.3067227169673,0.11328709711568724,1508.2046675682068,0.12131248388959587,28.21285915374756,6436.688772774048,51,0.11032518388433728,928.861642004331,917.9402716471354,0.004330674186348915,0.08896337449550629,0.0668533444404602,0.025417055934667587,0.1359243206819668,6460.546929762217,6426.898292686565
0.00404778216034174,905.3067227169673,0.11519543890658374,1537.3312692642212,0.1169567653986549,29.012259244918823,6428.1231407197565,52,0.10755754239957545,931.9488684542973,922.5928100678125,0.004483751021325588,0.08707857877016068,0.057450007647275925,0.01902719959616661,0.1359243206819668,6460.546929762217,6430.445869759216
0.0035912543535232544,905.3067227169673,0.11211430914833295,1566.4462778568268,0.12733235914042415,29.01988649368286,6421.356607093963,53,0.1121685382567491,925.321127357483,911.3404633661906,0.005265675950795412,0.08191395550966263,0.0555233433842659,0.01675451174378395,0.1359243206819668,6460.546929762217,6435.40380858434
1.5238142623275053e-05,905.3067227169673,0.11606491759412384,1595.5928466320038,0.13128429632744526,29.023308038711548,6424.902297748006,54,0.11794400878197683,919.217797630628,908.1933003323871,0.004399679135531187,0.08035089820623398,0.04687999561429024,0.013698110356926918,0.1359243206819668,6460.546929762217,6412.11145247991
0.001740111387334764,905.3067227169673,0.1204457188567105,1624.5974869728088,0.1296280315838634,28.897145748138428,6428.942660096437,55,0.12437803889710276,914.8153848107656,909.1580250523886,0.003847766201943159,0.07541263848543167,0.04542666673660278,0.014224983751773834,0.1359243206819668,6460.546929762217,6424.732471528726
0.008464239537715912,905.3067227169673,0.12177416485072344,1652.7821674346924,0.1149316643387439,28.050700902938843,6416.03495325348,56,0.11370354648366815,925.3519434823991,924.1828784961701,0.004195678047835827,0.07579897344112396,0.06678666174411774,0.03419291228055954,0.1359243206819668,6460.546929762217,6417.859043970286
0.003343005431815982,905.3067227169673,0.11381665893717836,1681.6551430225372,0.12269374927948981,28.739689350128174,6425.79594795634,57,0.11594854821305187,923.0642804867426,916.3822956609725,0.004467470571398735,0.07656301558017731,0.05776666849851608,0.0236812736839056,0.1359243206819668,6460.546929762217,6417.937021905314
0.0020527015440165997,905.3067227169673,0.12028264975606648,1711.1095414161682,0.12341604662888685,29.34392213821411,6423.820372149048,58,0.11051446593759966,930.8966711270016,914.4112900069557,0.003948238678276539,0.07506600022315979,0.051270000636577606,0.019621269777417183,0.1359243206819668,6460.546929762217,6430.16079390452
0.014554600231349468,905.3067227169673,0.1217604002740434,1740.5741093158722,0.12318618079174745,29.34951639175415,6403.689021280313,59,0.10819864222750432,933.536997059822,916.7941562986374,0.006057295482605696,0.07093082368373871,0.06984666734933853,0.048797328025102615,0.1359243206819668,6460.546929762217,6386.017721654256
0.01188308373093605,905.3067227169673,0.11257869455241017,1770.1140999794006,0.11398305378242574,29.390177726745605,6444.331678389689,60,0.09526637439865611,944.4843526589076,923.902472102801,0.007553093135356903,0.0803288072347641,0.0880499929189682,0.07570824027061462,0.1359243206819668,6460.546929762217,6426.936264014689
0.002533297287300229,905.3067227169673,0.10701231842311709,1799.0087764263153,0.11758008205794361,28.784366607666016,6414.645279558563,61,0.0981114800883849,938.3681600847245,921.2263042516709,0.006894593592733145,0.08297865092754364,0.06033666059374809,0.026456570252776146,0.1359243206819668,6460.546929762217,6408.0270724184675
0.015262002125382423,905.3067227169673,0.11052886085344513,1828.1135559082031,0.11826273476064418,28.956846714019775,6427.480062824453,62,0.10901288349498778,929.9269724512101,920.7882611942291,0.006897362880408764,0.07970882952213287,0.08277998864650726,0.09571453928947449,0.1359243206819668,6460.546929762217,6418.710739892426
0.006168955937027931,905.3067227169673,0.11026108070222367,1857.2310872077942,0.11599388750380911,29.01712441444397,6426.06017450348,63,0.11507972169985191,922.1157795057297,920.444859488805,0.004779839422553778,0.08435039222240448,0.07044000923633575,0.04487652704119682,0.1359243206819668,6460.546929762217,6418.786504627687
-0.0009405896998941898,905.3067227169673,0.11452508205508038,1886.9552879333496,0.12099673362544452,29.612365245819092,6408.027446680298,64,0.11975115473650759,918.9871719563802,916.6820283199945,0.0038472514133900404,0.07841416448354721,0.04486999660730362,0.012597804889082909,0.1359243206819668,6460.546929762217,6417.8473962713115
0.0008543262956663966,905.3067227169673,0.11870589232502693,1915.5919351577759,0.12867058853824054,28.501699447631836,6413.311013987324,65,0.11373631902748725,925.0385304139455,908.7690184240341,0.003975003957748413,0.07769239693880081,0.04950333386659622,0.014426084235310555,0.1359243206819668,6460.546929762217,6407.474362363383
0.0007208065362647176,905.3067227169673,0.12160558002787075,1944.4392833709717,0.1281169503058716,28.746774196624756,6422.6486103261295,66,0.12654355153956065,912.7327717514039,910.4165542716979,0.003915715496987104,0.07067912817001343,0.043793339282274246,0.01568983681499958,0.1359243206819668,6460.546929762217,6424.229845188242
0.006542558781802654,905.3067227169673,0.12377899715130311,1974.245760679245,0.1288863773144385,29.680567026138306,6408.856412482909,67,0.12582781236412308,911.9173904425303,909.3606356932322,0.004090921953320503,0.06776493787765503,0.0571933276951313,0.03585457801818848,0.1359243206819668,6460.546929762217,6396.094145607909
0.004286838695406914,905.3067227169673,0.12143213009542005,2003.6050896644592,0.12000499110896148,29.273818254470825,6409.733684871063,68,0.12606422032139744,913.9682191375095,921.5195164833069,0.005851122550666332,0.07162661850452423,0.060266654938459396,0.026917526498436928,0.1359243206819668,6460.546929762217,6405.423213956603
0.0016608659643679857,905.3067227169673,0.12016846531592427,2033.382087469101,0.13082851197793194,29.679415464401245,6403.3993776652005,69,0.124967355312921,915.1887221021653,909.6580705725352,0.006038909777998924,0.0698036327958107,0.0550166592001915,0.024105310440063477,0.1359243206819668,6460.546929762217,6405.013086850228
0.0029822569340467453,905.3067227169673,0.12518706018186535,2063.52774310112,0.13321200147423323,30.04301619529724,6398.397346988117,70,0.12735090973891797,911.8176340821583,906.2925934143068,0.007851296104490757,0.06920091807842255,0.05265333130955696,0.024713072925806046,0.1359243206819668,6460.546929762217,6397.4454870418795
0.00576407928019762,905.3067227169673,0.12645782830222224,2092.3750805854797,0.13117537315087657,28.739477157592773,6396.987210134481,71,0.12478765116132257,915.7528231795629,906.8376154197057,0.005148142576217651,0.06967710703611374,0.05807333067059517,0.03300338238477707,0.1359243206819668,6460.546929762217,6383.40391733734
0.003224161686375737,905.3067227169673,0.12322285556662471,2120.9597811698914,0.12975865133186817,28.4756121635437,6391.834652858174,72,0.11893986369285844,919.8951824188232,907.6891684726079,0.0054860482923686504,0.0682409405708313,0.06044333428144455,0.03787606954574585,0.1359243206819668,6460.546929762217,6393.666124920145
0.0013721061404794455,905.3067227169673,0.12584214825095774,2149.588260412216,0.1263164100668481,28.50468873977661,6394.45814263916,73,0.12160759452407924,917.0034098790487,912.9965122130712,0.007581859827041626,0.07114134728908539,0.05411999300122261,0.030076676979660988,0.1359243206819668,6460.546929762217,6383.927840168201
0.001224070554599166,905.3067227169673,0.12279332783675982,2178.5874330997467,0.13028261809063257,28.879082679748535,6386.393983613383,74,0.128097156521491,909.8145331662496,908.3447973492939,0.011685660108923912,0.06816152483224869,0.05214999243617058,0.027628693729639053,0.1359243206819668,6460.546929762217,6382.0119036087035
0.002722912933677435,905.3067227169673,0.12593299960990018,2207.7591383457184,0.1371132987165131,29.055797338485718,6389.1866338767995,75,0.1354613541990801,902.684767203331,901.4486594257355,0.008931075222790241,0.06610636413097382,0.052400000393390656,0.03533560410141945,0.1359243206819668,6460.546929762217,6390.0941081215915
0.0037097677122801542,905.3067227169673,0.13108575010488835,2238.099333047867,0.12355750868964362,30.217675924301147,6384.863791303355,76,0.12217175802236968,919.2435961027145,915.5250469172795,0.005554592702537775,0.06444118916988373,0.04943333566188812,0.02441510558128357,0.1359243206819668,6460.546929762217,6379.009766772106
0.004184219054877758,905.3067227169673,0.12096649587738746,2268.0325272083282,0.13119211876023779,29.816710233688354,6397.085373331604,77,0.12215033958255511,915.8223665011724,907.560162279129,0.008409636095166206,0.06812876462936401,0.0705033391714096,0.051466964185237885,0.1359243206819668,6460.546929762217,6399.582801277313
0.0028933908324688673,905.3067227169673,0.12567812106966283,2296.9842693805695,0.13698173559128207,28.82095694541931,6390.984111914673,78,0.13282714123520975,905.4880514485042,901.0195464064279,0.006928273476660252,0.0670909583568573,0.058953333646059036,0.03100745752453804,0.1359243206819668,6460.546929762217,6386.777409227701
0.0011478317901492119,905.3067227169673,0.12718401490149325,2325.5883083343506,0.13587465328905304,28.46473717689514,6382.715981317036,79,0.12769899746534907,913.8415604391098,902.289123374621,0.00713801383972168,0.06613378971815109,0.0598466694355011,0.038263965398073196,0.1359243206819668,6460.546929762217,6373.422733417408
0.002260883804410696,905.3067227169673,0.13087586306767957,2354.345188856125,0.1350975948213561,28.641224145889282,6387.172468409729,80,0.1236204098687616,919.0307708813349,905.2134745823543,0.005635847337543964,0.0652066096663475,0.05601999908685684,0.03082427941262722,0.1359243206819668,6460.546929762217,6379.312478461811
0.0033862250857055187,905.3067227169673,0.13280364922962226,2383.3221213817596,0.1294733299484538,28.854917526245117,6370.309293242798,81,0.12654262582983572,912.1296236521403,910.7664868847529,0.004602483473718166,0.06036072224378586,0.05820000171661377,0.06858059018850327,0.1359243206819668,6460.546929762217,6365.644999503478
0.023348916321992874,905.3067227169673,0.1306646595052742,2413.5473494529724,0.09845231003349332,30.126027584075928,6350.025471909993,82,0.09379993899137194,946.3458391853969,942.7721317030588,0.005389404483139515,0.0699058398604393,0.08965665847063065,0.1250292956829071,0.1359243206819668,6460.546929762217,6355.405034357909
0.012603553012013435,905.3067227169673,0.10362216524889978,2443.6241714954376,0.12779252818986042,29.96261215209961,6379.01970687795,83,0.12420638645028637,914.8963195114135,912.8190340760548,0.006103098392486572,0.07629727572202682,0.0980033352971077,0.10899368673563004,0.1359243206819668,6460.546929762217,6388.585292208812
0.0024235849268734455,905.3067227169673,0.12004938293618939,2473.7960822582245,0.1291834682959821,30.04618215560913,6393.053534779256,84,0.12238037950051892,917.2064011233647,910.4514155143102,0.0049263895489275455,0.07588407397270203,0.05959000065922737,0.03357130289077759,0.1359243206819668,6460.546929762217,6391.827267352701
0.005204472690820694,905.3067227169673,0.12427604854804461,2503.7338795661926,0.1321333855765171,29.848049879074097,6405.219075516103,85,0.12382735646621418,914.4066781508128,906.731599433581,0.0040894136764109135,0.07325007766485214,0.055526673793792725,0.03202557936310768,0.1359243206819668,6460.546929762217,6393.141292689921
0.0072936140932142735,905.3067227169673,0.12793873456219926,2533.4471623897552,0.13621460426396972,29.59709358215332,6388.2496920478825,86,0.12473605531236073,916.9808014939626,902.4200061362585,0.0048383427783846855,0.06622897833585739,0.057409994304180145,0.03546619042754173,0.1359243206819668,6460.546929762217,6363.50021295634
0.0031644583214074373,905.3067227169673,0.12982162527025867,2562.4395966529846,0.14363212442075457,28.882503509521484,6367.182479610648,87,0.13010818838340035,908.9349550466537,895.1537859188716,0.006860724184662104,0.06647289544343948,0.05774999409914017,0.037766918540000916,0.1359243206819668,6460.546929762217,6363.71515308487
0.008024784736335278,905.3067227169673,0.12810316334348099,2591.5589616298676,0.12896122375126218,29.02006721496582,6408.086771070658,88,0.12738144277382601,911.1979728139241,910.3713937060037,0.005458357743918896,0.06737692654132843,0.07027000188827515,0.06851689517498016,0.1359243206819668,6460.546929762217,6403.9437137329105
0.009005598723888397,905.3067227169673,0.12255438973768289,2620.3497936725616,0.1377381045519434,28.695757389068604,6400.704748740591,89,0.13068732561423416,907.9975256058376,901.2506839396159,0.004034878686070442,0.06469619274139404,0.07163001596927643,0.06280206143856049,0.1359243206819668,6460.546929762217,6391.33690889684
0.005537881515920162,905.3067227169673,0.12762615205011021,2649.3981597423553,0.14200970039656735,28.95334219932556,6387.636751821188,90,0.13473168012200998,904.4762440376282,896.9380258798599,0.0032961401157081127,0.06049532815814018,0.055393338203430176,0.034539368003606796,0.1359243206819668,6460.546929762217,6388.3701464659625
0.003340145107358694,905.3067227169673,0.13417589214306377,2679.918381214142,0.14102468210810573,30.42508840560913,6373.22329044866,91,0.1368554922461173,902.7304848448433,897.3810996236803,0.003681825939565897,0.0578966923058033,0.04945000261068344,0.030583079904317856,0.1359243206819668,6460.546929762217,6377.4062088784785
-9.118470188695937e-05,905.3067227169673,0.13391852522913963,2709.2326214313507,0.14029768146343846,29.219924926757812,6376.856117628478,92,0.13958883093866065,898.4831474345525,899.3336129948299,0.0030632386915385723,0.05413813516497612,0.04610666260123253,0.028142396360635757,0.1359243206819668,6460.546929762217,6377.80234341273
0.006003730930387974,905.3067227169673,0.1375259233589428,2738.903927087784,0.14136622535646967,29.592337131500244,6377.515165607911,93,0.13602119922797126,902.9020236857733,897.7826003551484,0.0037973220460116863,0.05238855630159378,0.048223335295915604,0.03594527021050453,0.1359243206819668,6460.546929762217,6378.7466857688405
0.0027362830005586147,905.3067227169673,0.13245146542065833,2768.2046740055084,0.14705011835243195,29.204586029052734,6372.1293613400785,94,0.14034580929361493,898.2000220015843,890.9345737988154,0.0033242516219615936,0.05188761278986931,0.05084667354822159,0.03770977631211281,0.1359243206819668,6460.546929762217,6358.4729451191215
0.007894106209278107,905.3067227169673,0.13650597617312404,2797.9038655757904,0.13171273317106938,29.609559535980225,6389.106583924561,95,0.12795663147758,909.3618203884761,907.1208225040436,0.0032723466865718365,0.050672560930252075,0.0629066675901413,0.08238264918327332,0.1359243206819668,6460.546929762217,6388.755360174559
0.00032061018282547593,905.3067227169673,0.1306425523873778,2825.713423013687,0.13588400044927534,27.72132182121277,6392.867428841756,96,0.13548100740310856,903.5093095283509,903.3724378973643,0.003015212481841445,0.047205157577991486,0.040459997951984406,0.023321133106946945,0.1359243206819668,6460.546929762217,6386.013320232645
0.0010194077622145414,905.3067227169673,0.13710475729963376,2856.3073596954346,0.13799007282743408,30.50310444831848,6383.103781732381,97,0.13644027404405465,901.7814438676834,899.992896449089,0.0028465683571994305,0.04416358470916748,0.03955000266432762,0.029925813898444176,0.1359243206819668,6460.546929762217,6385.068790300091
0.001961999572813511,905.3067227169673,0.13723376756017816,2890.7024302482605,0.13991576004889017,34.28589463233948,6394.640787555034,98,0.13489758252321654,903.7254209280014,898.7872927090326,0.0029173665679991245,0.043143175542354584,0.04222333803772926,0.035100944340229034,0.1359243206819668,6460.546929762217,6384.294315753478
0.012172854505479336,905.3067227169673,0.13623956684301805,2930.04211974144,0.13337246718535606,39.24516820907593,6387.799678084869,99,0.13089824504112144,907.1157686465581,904.3924233303071,0.003872393863275647,0.04256159067153931,0.057540006935596466,0.08681268990039825,0.1359243206819668,6460.546929762217,6391.158249365591
0.0002230410900665447,905.3067227169673,0.1348059811049483,2966.9306180477142,0.1413824500540756,36.76166915893555,6381.85122653005,100,0.13446255150069836,906.5902154626846,896.8477510477701,0.003004854079335928,0.04334117844700813,0.04335666447877884,0.028534669429063797,0.1359243206819668,6460.546929762217,6376.246010951132
0.001918639987707138,905.3067227169673,0.1380718529904716,3000.612382888794,0.14606418481026343,33.574195861816406,6378.762380990854,101,0.14170733377523337,895.7449885285695,890.2888209829331,0.0031113564036786556,0.04079512506723404,0.042676664888858795,0.05061304569244385,0.1359243206819668,6460.546929762217,6386.550941110381
0.013948298990726471,905.3067227169673,0.14066640031489464,3032.507143974304,0.107947190062029,31.757320880889893,6368.969674031729,102,0.10470531213685094,935.8036278247833,933.578643245697,0.00293828290887177,0.04442866891622543,0.056133341044187546,0.07945839315652847,0.1359243206819668,6460.546929762217,6359.244599353586
8.64501780597493e-05,905.3067227169673,0.12423635456715369,3064.7423634529114,0.14413396644795828,32.092976808547974,6385.00367157313,103,0.13517664667525786,901.9893161754607,892.4021758823394,0.003471430391073227,0.04820776358246803,0.057680003345012665,0.06825540959835052,0.1359243206819668,6460.546929762217,6389.628452539673
0.007153848651796579,905.3067227169673,0.14012784130125733,3096.041339159012,0.12737429987828933,31.177682638168335,6426.764355122476,104,0.12688870910428693,912.4426679226557,911.7215522632599,0.0029609440825879574,0.04423879086971283,0.04556333273649216,0.04612571746110916,0.1359243206819668,6460.546929762217,6421.424931714019
0.005401830654591322,905.3067227169673,0.12424310546261522,3127.7300202846527,0.11684831987638596,31.579825162887573,6380.119398487854,105,0.11233521526855253,929.7602512063982,920.2142100454965,0.0030587068758904934,0.053818561136722565,0.07587333023548126,0.12843374907970428,0.1359243206819668,6460.546929762217,6372.870899714813
0.0031831637024879456,905.3067227169673,0.11266125937454984,3159.9010915756226,0.1314511565624791,32.04420781135559,6394.205998544615,106,0.12784301224292516,910.2884336395265,906.5204260120393,0.0040000067092478275,0.05279001593589783,0.056300003081560135,0.053962983191013336,0.1359243206819668,6460.546929762217,6389.379821640574
2.130287430190947e-05,905.3067227169673,0.12570173308325733,3191.4233198165894,0.13950828071364707,31.401122331619263,6381.683092156728,107,0.13867676953266206,898.2623305660882,898.5149128185908,0.0033806818537414074,0.04921300709247589,0.046056658029556274,0.030788958072662354,0.1359243206819668,6460.546929762217,6385.497485601908
0.0023188083432614803,905.3067227169673,0.13129283361466554,3222.7048399448395,0.14231994954342148,31.159826040267944,6383.967692000479,108,0.13693384956182292,899.9726364351908,894.8302763023376,0.003171321703121066,0.04788365587592125,0.04525333642959595,0.03624487668275833,0.1359243206819668,6460.546929762217,6386.5781770876065
0.0015507249627262354,905.3067227169673,0.13457549866342414,3254.8036963939667,0.13608101077000068,31.98526954650879,6371.67271594045,109,0.1336902662378895,905.0645224380493,904.2588930823008,0.0041227624751627445,0.04952732473611832,0.05196001008152962,0.05137871578335762,0.1359243206819668,6460.546929762217,6362.965950099436
0.0015112581895664334,905.3067227169673,0.13327687905944963,3287.0494821071625,0.14279466149753436,32.135359048843384,6371.141707355702,110,0.1356010907530801,901.6591773595809,893.8045060052871,0.004845194052904844,0.04805614426732063,0.045279987156391144,0.037714503705501556,0.1359243206819668,6460.546929762217,6369.594041883953
0.0027052834630012512,905.3067227169673,0.13244311670951192,3323.6619169712067,0.13417122919544597,36.49179816246033,6374.503516980439,111,0.13782610206305415,896.7299838145574,904.3866989412309,0.004662506282329559,0.04480617493391037,0.05202999711036682,0.06380142271518707,0.1359243206819668,6460.546929762217,6372.498758844757
0.0021695212926715612,905.3067227169673,0.137007034927431,3371.9598088264465,0.1480303367867261,48.16848015785217,6384.473496159464,112,0.14317887026239096,893.9173178548813,889.6492800289789,0.0030260400380939245,0.04359274357557297,0.04350333660840988,0.037786416709423065,0.1359243206819668,6460.546929762217,6378.975957312979
0.005478567443788052,905.3067227169673,0.14141625652278422,3432.2603390216827,0.14873429348817702,60.13645553588867,6379.360256055299,113,0.13850429078694557,898.2368460540772,887.9576290884017,0.0031492505222558975,0.042221542447805405,0.05372333526611328,0.11401407420635223,0.1359243206819668,6460.546929762217,6380.652770727437
0.008663581684231758,905.3067227169673,0.14140284431160566,3491.16903591156,0.14322936024291025,58.76918387413025,6388.91017341441,114,0.14167503160580933,895.6041235373815,893.7410186519622,0.003923348151147366,0.04376039281487465,0.05100666359066963,0.07216816395521164,0.1359243206819668,6460.546929762217,6384.934557775726
0.023595882579684258,905.3067227169673,0.13123497953151725,3550.211569070816,0.11059752844982934,58.90407967567444,6426.391211023254,115,0.10933684127432089,932.5103846702576,930.7029595836004,0.0070539554581046104,0.042980700731277466,0.08203332126140594,0.24302050471305847,0.1359243206819668,6460.546929762217,6421.9696310890195
0.007814746350049973,905.3067227169673,0.11477412832052182,3609.579337835312,0.11899739017356788,59.204190254211426,6400.240762115326,116,0.11171988556187505,926.6285641597112,921.3392107035319,0.0034697167575359344,0.047029681503772736,0.0647600069642067,0.08734442293643951,0.1359243206819668,6460.546929762217,6398.625064016366
0.004758601076900959,905.3067227169673,0.12263899423038879,3671.4330656528473,0.12033813185370568,61.708784341812134,6382.348496229908,117,0.10895234362192271,929.5582827539444,918.6895809831618,0.003288611304014921,0.047938551753759384,0.05291333794593811,0.054265428334474564,0.1359243206819668,6460.546929762217,6380.968342584075
0.004511261358857155,905.3067227169673,0.12302956529899814,3731.936670780182,0.12427712312102443,60.34976935386658,6388.2949971336875,118,0.1249272802219944,911.2504944709141,911.2568705822626,0.0038262822199612856,0.04930941388010979,0.061113327741622925,0.0916043221950531,0.1359243206819668,6460.546929762217,6378.234455172883
0.006001001689583063,905.3067227169673,0.1287105902018542,3791.537244081497,0.13601469755361456,59.459914207458496,6387.439326448924,119,0.1259461290666902,912.3944290803274,901.1053458388647,0.003942220937460661,0.0485895536839962,0.05763665959239006,0.07252082973718643,0.1359243206819668,6460.546929762217,6367.726881355438
0.00545337051153183,905.3067227169673,0.12878365734343816,3850.7111477851868,0.12872365947576975,59.031891107559204,6385.4490576161215,120,0.13026552088494264,909.368194418907,910.7315351317724,0.004431295208632946,0.0476255901157856,0.05269666761159897,0.061460286378860474,0.1359243206819668,6460.546929762217,6395.8467183239245
0.010957326740026474,905.3067227169673,0.1321011139849231,3911.973111629486,0.13820858801260694,61.14215111732483,6393.4694555711885,121,0.13131163526992265,906.3497377077739,898.3967235078811,0.00323503278195858,0.0445776991546154,0.052526671439409256,0.06408491730690002,0.1359243206819668,6460.546929762217,6396.649709376271
-0.0004838278400711715,905.3067227169673,0.13379714110604904,3974.3605868816376,0.141225887844451,62.206029415130615,6385.442369655049,122,0.142150731438438,894.163320783933,894.9933586384454,0.00275031803175807,0.041205402463674545,0.03693334013223648,0.029560580849647522,0.1359243206819668,6460.546929762217,6385.910960894369
0.00013153489271644503,905.3067227169673,0.13765165322359016,4033.6151809692383,0.13230560127603233,59.09817576408386,6375.6237430327865,123,0.12794593259690445,910.6794200661976,906.2172204113008,0.002653182949870825,0.03941018134355545,0.03342334181070328,0.024643179029226303,0.1359243206819668,6460.546929762217,6383.690384243062
0.0019737952388823032,905.3067227169673,0.1294980131114528,4091.0503001213074,0.13531521822691814,57.29273271560669,6391.741045378215,124,0.13113729443105634,904.838836291949,902.0242745272319,0.0031149417627602816,0.041313014924526215,0.04503333941102028,0.0473024882376194,0.1359243206819668,6460.546929762217,6390.6799943549095
0.0901707261800766,905.3067227169673,0.13390663343716797,4150.336150884628,0.12249920178500716,59.14577865600586,6374.2028354687,125,0.12057458209750516,918.6567111066183,918.1144103250504,0.0037013161927461624,0.04470660537481308,0.06718666851520538,0.17394590377807617,0.1359243206819668,6460.546929762217,6374.739492824452
0.0019261095440015197,905.3067227169673,0.11788287281934254,4211.244314432144,0.1308815532338229,60.75051760673523,6381.412096352437,126,0.11899912818927333,920.0025697059632,905.806047003746,0.004671959672123194,0.04667186364531517,0.057446666061878204,0.07226559519767761,0.1359243206819668,6460.546929762217,6376.00562808955
0.0127653107047081,905.3067227169673,0.12765124821241625,4271.362220525742,0.12188333661590942,59.94835448265076,6364.830245885011,127,0.1124200578585302,927.4649588572183,913.6632867733637,0.004684248473495245,0.0454549640417099,0.05860666185617447,0.09093375504016876,0.1359243206819668,6460.546929762217,6350.746593654785
0.009037552401423454,905.3067227169673,0.11892548201998802,4329.262360572815,0.12392868797656377,57.762200355529785,6361.186247691245,128,0.12068691156090124,919.2353540980023,916.8888126881917,0.004951314069330692,0.04804771766066551,0.06580667197704315,0.12587043642997742,0.1359243206819668,6460.546929762217,6362.815232342021
0.009563938714563847,905.3067227169673,0.12231569310593476,4385.5613305568695,0.13221953511413856,56.15914273262024,6362.592652858176,129,0.12837303322993088,911.5999818121591,907.3526863533656,0.005295541137456894,0.0487636998295784,0.0602400079369545,0.0691334679722786,0.1359243206819668,6460.546929762217,6361.936942973023
0.0030667162500321865,905.3067227169673,0.12753491493299252,4424.8986604213715,0.13727945560072347,39.18052792549133,6380.987199907786,130,0.1330975818693951,904.085124830246,900.6946457087199,0.0036677788011729717,0.044240932911634445,0.047380004078149796,0.05090378597378731,0.1359243206819668,6460.546929762217,6390.1775738110355
0.010974511504173279,905.3067227169673,0.1334602268048477,4463.151850223541,0.12879659591871762,38.165379762649536,6368.005223449453,131,0.12440734165117158,911.0423318945567,906.3639172452291,0.00460012536495924,0.045611221343278885,0.055953335016965866,0.08448554575443268,0.1359243206819668,6460.546929762217,6367.844337066244
0.014536246657371521,905.3067227169673,0.13079185207036356,4501.148703098297,0.1311520283090007,37.864264488220215,6408.161676289673,132,0.12798360628879482,909.7543222392401,906.8452173274359,0.007795765995979309,0.04343736916780472,0.06818999350070953,0.22901757061481476,0.1359243206819668,6460.546929762217,6403.350753175356
0.0051086219027638435,905.3067227169673,0.1276720200132638,4533.652186155319,0.12990727052248857,32.39551019668579,6388.482395050354,133,0.12553741428815798,912.1608876924514,907.7957616084416,0.004564131610095501,0.04221711307764053,0.04607999697327614,0.05230221897363663,0.1359243206819668,6460.546929762217,6388.198800865325
0.0008836360648274422,905.3067227169673,0.12994384456513816,4564.773016452789,0.13564614438137707,30.996848344802856,6391.5646970739235,134,0.12614682765925914,912.3354850352605,902.7629542779922,0.004110617563128471,0.04271489009261131,0.04546332359313965,0.044613584876060486,0.1359243206819668,6460.546929762217,6379.408831785786
0.009672933258116245,905.3067227169673,0.13268875589582843,4595.979150295258,0.12555928194155277,31.08005380630493,6370.18963155777,135,0.12479096657740744,916.8178746032714,915.9305907103221,0.003485256340354681,0.044938888400793076,0.059169989079236984,0.10562698543071747,0.1359243206819668,6460.546929762217,6374.490646753744
0.0029990614857524633,905.3067227169673,0.1243209315156462,4627.812078952789,0.12883202413416786,31.72909426689148,6390.93520607366,136,0.12324197820481081,915.4530720570881,910.6023666432699,0.0051766010001301765,0.04521838575601578,0.05328333377838135,0.06333307176828384,0.1359243206819668,6460.546929762217,6381.0527828107715
0.000582238077186048,905.3067227169673,0.12642919539661635,4659.753740310669,0.12874337835528035,31.80880856513977,6388.180589480438,137,0.12679653347525086,911.725768450737,909.7191676791508,0.0042868428863584995,0.044408127665519714,0.042783331125974655,0.03389495983719826,0.1359243206819668,6460.546929762217,6392.215898290202
3.937742440029979e-05,905.3067227169673,0.1323252122268057,4691.644158840179,0.13411558170350912,31.77102279663086,6390.201684302826,138,0.12632383878939119,911.4254399515787,903.5432798312505,0.0047209374606609344,0.04101446270942688,0.03744000196456909,0.031076407060027122,0.1359243206819668,6460.546929762217,6390.493342386424
0.0065550049766898155,905.3067227169673,0.13664519929702326,4724.085814237595,0.13464944828120526,32.33742356300354,6382.057247260895,139,0.12140936973038753,914.7731203285853,903.1588440224331,0.0031373959500342607,0.03922487050294876,0.036106668412685394,0.027872005477547646,0.1359243206819668,6460.546929762217,6372.164529433034
0.0008856357890181243,905.3067227169673,0.13672572229207375,4756.219885587692,0.14273784505720866,32.0102379322052,6380.116441735383,140,0.14068851801587998,897.2916549320222,894.9094661289852,0.002966319676488638,0.03565329685807228,0.03530000522732735,0.030189692974090576,0.1359243206819668,6460.546929762217,6380.994168417409
0.005851764231920242,905.3067227169673,0.14021369611032483,4789.500534534454,0.1399031813179015,33.179680824279785,6370.5914138003545,141,0.1336635918393423,902.6960646444957,897.8212349182764,0.0028766999021172523,0.03638814017176628,0.039286669343709946,0.0488426499068737,0.1359243206819668,6460.546929762217,6365.888171363119
0.0035341414622962475,905.3067227169673,0.136691561678809,4823.284293413162,0.13635038081701475,33.6559374332428,6386.369240068715,142,0.13081134549799264,905.7588544988633,900.7059931408564,0.003858980257064104,0.038816653192043304,0.05043666809797287,0.10346966981887817,0.1359243206819668,6460.546929762217,6374.294588729909
0.0003543039201758802,905.3067227169673,0.13763193160557688,4863.380427122116,0.14552645213256107,39.96439027786255,6374.802884321187,143,0.1437661845819284,892.9557246548335,891.8563520867028,0.0032375045120716095,0.03665082901716232,0.037150003015995026,0.039789941161870956,0.1359243206819668,6460.546929762217,6373.684383323924
0.003791187424212694,905.3067227169673,0.1424588228943016,4916.260087966919,0.1392048399512101,52.7190158367157,6384.720690367534,144,0.13105339361450888,905.9907714255651,897.0623047720592,0.0027781196404248476,0.037388455122709274,0.040236666798591614,0.056142210960388184,0.1359243206819668,6460.546929762217,6394.09402575348
-0.0005089768674224615,905.3067227169673,0.14017529802884074,4979.779228210449,0.14563467251552403,63.36935758590698,6378.875092792409,145,0.14280811456777406,892.93093511041,890.4889947684605,0.0026438788045197725,0.03144030272960663,0.03546000272035599,0.03577899560332298,0.1359243206819668,6460.546929762217,6379.277230065716
0.0016783729661256075,905.3067227169673,0.14448319453282923,5040.767405033112,0.14234354769575855,60.84469199180603,6379.025581672617,146,0.13440093992646124,903.2493763478597,894.7160447327295,0.0025275838561356068,0.030489226803183556,0.02991666831076145,0.03213997557759285,0.1359243206819668,6460.546929762217,6374.885031758422
0.007974307984113693,905.3067227169673,0.13955501846274457,5099.169389486313,0.11753820725819217,58.23583006858826,6374.80630310491,147,0.10571303247950872,931.3405712807973,917.9080216134389,0.0032327137887477875,0.03824125975370407,0.05153333395719528,0.09696285426616669,0.1359243206819668,6460.546929762217,6373.25023968277
0.004678103141486645,905.3067227169673,0.12171129536213743,5159.976754188538,0.13559563453338092,60.65357708930969,6375.977107311301,148,0.12957616937185143,909.3690457191467,900.9899327665964,0.0031866212375462055,0.037107307463884354,0.054566673934459686,0.10107715427875519,0.1359243206819668,6460.546929762217,6372.847016798146
0.005041356664150953,905.3067227169673,0.13806165527432657,5221.991181373596,0.13475301735888487,61.898123025894165,6368.01880699412,149,0.12599447432973643,913.8602064062754,905.361587255478,0.00276785041205585,0.03712873160839081,0.04994666576385498,0.11381244659423828,0.1359243206819668,6460.546929762217,6359.719409765219
-0.0008180111763067544,905.3067227169673,0.12858549735720332,5282.975841999054,0.14092482967319242,60.81800651550293,6369.026258712871,150,0.135033058640047,903.6513406766255,896.8980909500121,0.0028946264646947384,0.03973294422030449,0.04622333124279976,0.052673060446977615,0.1359243206819668,6460.546929762217,6357.529198991648
0.0013917475007474422,905.3067227169673,0.1378214382142999,5343.165401220322,0.14473482491050263,60.062753200531006,6370.581330733439,151,0.14462037832408947,892.7724868682226,892.2108001333872,0.0026814597658813,0.037833359092473984,0.03685333579778671,0.027582192793488503,0.1359243206819668,6460.546929762217,6376.904902939301
0.0012542486656457186,905.3067227169673,0.1398266053707858,5402.154393911362,0.14280586390304958,58.841280460357666,6367.674913605703,152,0.144079861389401,894.9301083399455,896.6416070143381,0.002833570120856166,0.03536929935216904,0.03464332967996597,0.032321996986866,0.1359243206819668,6460.546929762217,6369.035276504008
0.007447416894137859,905.3067227169673,0.13734744124204293,5464.669881343842,0.1382420182341927,62.367473125457764,6378.295460537465,153,0.1352311799561942,903.9305031992594,900.4641816237767,0.0027558687143027782,0.03722194954752922,0.05747666209936142,0.11721599102020264,0.1359243206819668,6460.546929762217,6383.9897782978815
0.007451958023011684,905.3067227169673,0.13463663948991872,5526.005735397339,0.13127227451111304,61.18387699127197,6373.308140053356,154,0.1289052724008259,910.4781487391791,907.7133001031876,0.002792459912598133,0.03948168456554413,0.05346665903925896,0.08141572773456573,0.1359243206819668,6460.546929762217,6378.044191816509
0.008812029846012592,905.3067227169673,0.13125144258520163,5586.6932117938995,0.1331728511117955,60.54408502578735,6397.830406761424,155,0.13273805850715364,906.8173604682286,906.2730746997197,0.0027815683279186487,0.03650638833642006,0.05329333618283272,0.10617995262145996,0.1359243206819668,6460.546929762217,6395.928306597494
0.0006272299797274172,905.3067227169673,0.1326209910345427,5647.172698020935,0.14093817894140787,60.29967474937439,6394.6016964596065,156,0.13590130847235857,902.1732119493483,896.3290827363332,0.0025720528792589903,0.03335786610841751,0.03842000663280487,0.04343218356370926,0.1359243206819668,6460.546929762217,6399.8576278444925
0.000295069272397086,905.3067227169673,0.13831028656727085,5707.830135822296,0.145857762664845,60.497339963912964,6384.218974829662,157,0.14176266491484607,896.427439172109,891.1905409037272,0.0021536299027502537,0.03087206743657589,0.03203999623656273,0.03057677671313286,0.1359243206819668,6460.546929762217,6382.598210662995
0.004510779399424791,905.3067227169673,0.14216937759246484,5770.071221828461,0.09103615865448196,62.06914734840393,6331.8110180925505,158,0.07832227600320252,957.7408054682414,944.4592930984498,0.002211454091593623,0.034424327313899994,0.04208666831254959,0.07031566649675369,0.1359243206819668,6460.546929762217,6318.561109088136
0.018603304401040077,905.3067227169673,0.09240731293900178,5829.964004516602,0.12084064298701865,59.750903606414795,6368.939093506215,159,0.12179400483725537,913.0906656312944,913.5481534697216,0.006941062863916159,0.03973812982439995,0.08091999590396881,0.24678131937980652,0.1359243206819668,6460.546929762217,6365.550680656992
0.0019182406831532717,905.3067227169673,0.12808418317911702,5888.011024713516,0.1320231038058674,57.91278576850891,6362.422190506744,160,0.12231368510640378,914.5423513669967,904.7810118913651,0.0034240882378071547,0.03629634529352188,0.045409996062517166,0.06798572838306427,0.1359243206819668,6460.546929762217,6354.029321667937
0.0020876149646937847,905.3067227169673,0.13208799597860207,5940.995324134827,0.12744137582452683,52.80912971496582,6347.729748025107,161,0.11911833441536805,918.8113715260823,908.5802559954325,0.002933815121650696,0.037437163293361664,0.050050001591444016,0.08371232450008392,0.1359243206819668,6460.546929762217,6339.32193746755
0.0014376654289662838,905.3067227169673,0.12297674294355486,5979.13435792923,0.12790605674554908,38.00289297103882,6351.852684592286,162,0.12262437463232688,913.6597810808818,907.7322911551794,0.003196363802999258,0.04032003879547119,0.05582999438047409,0.0898553729057312,0.1359243206819668,6460.546929762217,6346.058201076659
0.00807096529752016,905.3067227169673,0.12815669529802937,6017.631832361221,0.1377312506694509,38.374361753463745,6349.778841436565,163,0.13501086757730094,901.9830530885062,897.9111405398052,0.0028326930478215218,0.03937814384698868,0.04957333207130432,0.07856307923793793,0.1359243206819668,6460.546929762217,6353.96259652237
0.005834454204887152,905.3067227169673,0.1336766728409139,6052.684869766235,0.14252662830191729,34.950724363327026,6346.636031389161,164,0.13473365012824773,901.6119053014121,893.5149516719182,0.0027939514257013798,0.03645472973585129,0.044853325933218,0.06365472078323364,0.1359243206819668,6460.546929762217,6344.472219138896
0.0037440978921949863,905.3067227169673,0.136839013990601,6084.613469362259,0.1401183755332788,31.82993245124817,6351.002300402578,165,0.1353539736850473,900.0242762524286,894.1673796574275,0.002695500385016203,0.035399455577135086,0.04525666683912277,0.06819911301136017,0.1359243206819668,6460.546929762217,6349.094942185771
0.005336127243936062,905.3067227169673,0.13478372821761028,6117.077504873276,0.14488961310604961,32.3323187828064,6353.772818408051,166,0.13281481623356942,904.2253305654526,892.207860526085,0.0028702220879495144,0.037991661578416824,0.054403334856033325,0.09829599410295486,0.1359243206819668,6460.546929762217,6348.570588254802
-0.0010328275384381413,905.3067227169673,0.13801588711412968,6148.889301300049,0.15640102381912926,31.69350576400757,6352.196525137481,167,0.15075347823107083,885.4569906358719,879.7683257837296,0.002628183923661709,0.03302828222513199,0.03739333152770996,0.04705823212862015,0.1359243206819668,6460.546929762217,6349.83395294398
0.0022321296855807304,905.3067227169673,0.142344744825663,6180.396695613861,0.1519642852654192,31.388252019882202,6363.363243931884,168,0.14950333678168262,886.9643189929327,884.1592707281113,0.002647377084940672,0.031718574464321136,0.0378899946808815,0.047076884657144547,0.1359243206819668,6460.546929762217,6355.084434504803
0.005120639689266682,905.3067227169673,0.14260107143687095,6212.30714058876,0.14176855499785845,31.805959224700928,6357.220632754009,169,0.13027273433288916,905.4189253768922,894.0135420567196,0.002871238626539707,0.03278621658682823,0.04558666795492172,0.09300119429826736,0.1359243206819668,6460.546929762217,6360.055411831868
0.0005518770194612443,905.3067227169673,0.13041030235441617,6244.8323838710785,0.14467023285690975,32.40146207809448,6354.07231092341,170,0.14379819059649177,893.1520213530858,891.5203826491038,0.002975663635879755,0.030504148453474045,0.04456999525427818,0.08060537278652191,0.1359243206819668,6460.546929762217,6357.322686718344
0.004489392973482609,905.3067227169673,0.14236431153136656,6278.317620038986,0.14287878935597495,33.35068893432617,6375.322088621063,171,0.140370561756722,896.7581302725474,894.4479949076972,0.0026981309056282043,0.029583066701889038,0.04260333254933357,0.0768480896949768,0.1359243206819668,6460.546929762217,6375.661565952453
-5.600832446361892e-05,905.3067227169673,0.1415754932650469,6312.041231632233,0.14445404383091426,33.59408950805664,6368.509370528107,172,0.1424747920587694,894.2769315875371,892.5511888818742,0.0027731829322874546,0.03098311461508274,0.045889995992183685,0.08489706367254257,0.1359243206819668,6460.546929762217,6370.2198688293975
0.0006640121573582292,905.3067227169673,0.14460533545735246,6345.1919577121735,0.15138419251409185,33.01818346977234,6371.3800325303155,173,0.14442710689381064,891.691173286438,885.3811685145696,0.002760468516498804,0.028476480394601822,0.03404666483402252,0.047025345265865326,0.1359243206819668,6460.546929762217,6369.36752790858
0.0003050865198019892,905.3067227169673,0.1490900835983588,6377.543280363083,0.14760582388727383,32.209882736206055,6365.376205129803,174,0.14706337462705765,889.3489369519552,888.8524826876321,0.002390936017036438,0.02590075135231018,0.029076669365167618,0.03601377457380295,0.1359243206819668,6460.546929762217,6365.667955010274
0.008441761136054993,905.3067227169673,0.15162821210318783,6423.821075439453,0.14056640987986546,46.17715525627136,6365.619406640218,175,0.133974505777853,903.8534607184729,896.0244826879501,0.0021695257164537907,0.02959107980132103,0.04168666899204254,0.09249620139598846,0.1359243206819668,6460.546929762217,6364.835854415996
0.003031772095710039,905.3067227169673,0.14095379242796635,6485.814114570618,0.14522491606496807,61.85936689376831,6357.907601101024,176,0.1409857648274629,896.4636705786387,891.9004704319636,0.0025605240371078253,0.029441112652420998,0.03999332711100578,0.06498973071575165,0.1359243206819668,6460.546929762217,6362.5964715070095
0.0010287591721862555,905.3067227169673,0.1440264986303801,6548.6686906814575,0.14563612816901625,62.70610213279724,6365.231795598552,177,0.1423303262884994,894.2828311214448,890.7064501384099,0.0025087716057896614,0.029085880145430565,0.03914333134889603,0.09563233703374863,0.1359243206819668,6460.546929762217,6361.369444366912
0.022755254060029984,905.3067227169673,0.1412407494212003,6611.147338151932,0.13951018164395615,62.326321840286255,6357.454737735647,178,0.1377970152636651,898.1413512299856,898.6834823300044,0.0026564113795757294,0.03203902393579483,0.04814999923110008,0.10475107282400131,0.1359243206819668,6460.546929762217,6347.486999993591
0.006302958820015192,905.3067227169673,0.13778534881744794,6672.591614961624,0.13244220471613444,61.303985595703125,6369.603661150107,179,0.11878209240560561,920.4088292566935,907.7237011610667,0.0027246959507465363,0.03193733096122742,0.051223330199718475,0.12301329523324966,0.1359243206819668,6460.546929762217,6361.846558434092
0.001443622400984168,905.3067227169673,0.1354370203901574,6734.6923224925995,0.13756321398019797,61.91996622085571,6373.150399569245,180,0.14067753703026534,898.4102954155604,902.2930632187525,0.0025286071468144655,0.03200353682041168,0.049639992415905,0.11237585544586182,0.1359243206819668,6460.546929762217,6371.7825302126075
0.0014992736978456378,905.3067227169673,0.1421513038511913,6798.783128261566,0.13454325538748882,63.92413020133972,6364.24130461665,181,0.1292124776679033,914.6983432118099,905.5183616304398,0.002366994973272085,0.029689306393265724,0.038776665925979614,0.05796944350004196,0.1359243206819668,6460.546929762217,6354.60713448344
0.0027048857882618904,905.3067227169673,0.14588975645252758,6861.63116145134,0.14602975033831753,62.68546485900879,6366.592825204927,182,0.14213157002345367,895.5858353385926,891.9184951257706,0.0023760057520121336,0.02791578695178032,0.03713999688625336,0.0757310539484024,0.1359243206819668,6460.546929762217,6364.909669249065
0.0057301269844174385,905.3067227169673,0.14793672033319918,6922.374994277954,0.1348284365520173,60.596980810165405,6361.4709966602595,183,0.1322489618077751,903.0235760529836,902.1415355230966,0.002485752571374178,0.027901578694581985,0.04112333431839943,0.08616860210895538,0.1359243206819668,6460.546929762217,6359.531914952189
-0.00032468728022649884,905.3067227169673,0.13988819115664605,6985.237763643265,0.151336647030751,62.71515917778015,6354.629454512482,184,0.1449766538371848,891.6971831041972,885.7766046571732,0.002841545734554529,0.028575081378221512,0.038823340088129044,0.06024016812443733,0.1359243206819668,6460.546929762217,6352.658950610912
0.000943968363571912,905.3067227169673,0.14687925517332912,7049.972560405731,0.14701772305275213,64.54605293273926,6359.7462370154835,185,0.14424149301798836,892.4764433517455,890.1107393385569,0.0025102419313043356,0.025795284658670425,0.030733337625861168,0.03740597516298294,0.1359243206819668,6460.546929762217,6362.467268210399
0.0015213986625894904,905.3067227169673,0.15242108267760748,7112.331779003143,0.14358055077532964,62.17855405807495,6352.185120762483,186,0.1444125938525568,893.0634013541537,893.3255977373124,0.0023151277564466,0.024861816316843033,0.03125333413481712,0.03986012190580368,0.1359243206819668,6460.546929762217,6355.821167923941
0.002540698740631342,905.3067227169673,0.1498680809501578,7172.12814950943,0.14986122918578595,59.65079069137573,6360.421174137217,187,0.14667022446129815,890.0104205656052,887.2578880592981,0.002596879145130515,0.02606937848031521,0.036059994250535965,0.0931699126958847,0.1359243206819668,6460.546929762217,6361.272842452189
0.0023754851426929235,905.3067227169673,0.150212169581788,7233.823596715927,0.1518213636853006,61.502872467041016,6366.615571431886,188,0.15127378431047409,885.6918727753957,885.5460615606307,0.0025887019000947475,0.027617210522294044,0.03704667463898659,0.06339006125926971,0.1359243206819668,6460.546929762217,6366.949202720288
0.011952036060392857,905.3067227169673,0.15109040890143388,7296.51185631752,0.12383330154402435,62.5203013420105,6349.508595021312,189,0.11237037547681078,926.4228131605784,915.0499987042745,0.0028387298807501793,0.029057184234261513,0.04333333671092987,0.12316948175430298,0.1359243206819668,6460.546929762217,6355.7042456983945
0.004990181885659695,905.3067227169673,0.13806472043403056,7359.09591794014,0.12835425230703829,62.419493436813354,6343.837964635366,190,0.12600811101490086,910.634824687004,908.7149637956619,0.00309077394194901,0.03213116526603699,0.05536999553442001,0.13348403573036194,0.1359243206819668,6460.546929762217,6351.182830070394
-0.0008415834745392203,905.3067227169673,0.13439649052882424,7420.573524951935,0.1433048348123444,61.33252024650574,6348.5583212683105,191,0.14194282786357573,895.4036169958115,893.4965891571046,0.0026453621685504913,0.029348328709602356,0.039793334901332855,0.07636196911334991,0.1359243206819668,6460.546929762217,6342.893511565451
0.001900896430015564,905.3067227169673,0.14262762616175836,7474.871791124344,0.1505784342258329,54.151108264923096,6359.794490214284,192,0.14720075285025463,891.3737980696361,887.3692834275564,0.0024808612652122974,0.02735028602182865,0.035796672105789185,0.06357186287641525,0.1359243206819668,6460.546929762217,6364.871917424826
0.002343651605769992,905.3067227169673,0.14688018722370774,7516.16959810257,0.14790807101555417,41.180376052856445,6355.273853912201,193,0.1392315665610315,896.8782059017816,889.8759912007649,0.0024528561625629663,0.025756407529115677,0.03324666991829872,0.0583464615046978,0.1359243206819668,6460.546929762217,6355.50309172938
0.0019081432837992907,905.3067227169673,0.14630395347331604,7555.97713971138,0.14650598363303358,39.68589210510254,6353.830834863384,194,0.1461514573636402,891.2735415611268,890.6164186321895,0.002565615577623248,0.023852195590734482,0.03332333266735077,0.05924089625477791,0.1359243206819668,6460.546929762217,6352.584662809092
0.00019775063265115023,905.3067227169673,0.14757164936438374,7591.455835580826,0.1376231574628772,35.35984802246094,6342.410850482382,195,0.14220495648864212,895.0949831469853,899.0104699894588,0.0022917226888239384,0.023724889382719994,0.03046667017042637,0.06294040381908417,0.1359243206819668,6460.546929762217,6344.198779172619
0.0010966057889163494,905.3067227169673,0.1438227969090861,7623.314980745316,0.14185649366996592,31.73951745033264,6343.085780459341,196,0.1350698465461989,904.3355198399225,897.3528631537754,0.002544999588280916,0.02791895903646946,0.03803666681051254,0.06628401577472687,0.1359243206819668,6460.546929762217,6335.576201888632
-0.0006428626365959644,905.3067227169673,0.14483091258833994,7655.619633674622,0.1416756744378854,32.182509660720825,6323.266826086019,197,0.14069267026122168,896.9788450352349,894.2700838174819,0.002485548844560981,0.026050474494695663,0.0356299988925457,0.06362373381853104,0.1359243206819668,6460.546929762217,6333.289342412464
0.0019093196606263518,905.3067227169673,0.14345459189599077,7688.103595018387,0.14646735830700142,32.33974575996399,6337.899036125743,198,0.14266121825882438,895.1824375902812,889.9823532807033,0.002809545025229454,0.028282389044761658,0.038953330367803574,0.07643169909715652,0.1359243206819668,6460.546929762217,6329.71317358134
0.0018451872747391462,905.3067227169673,0.1423484024742234,7720.111668586731,0.14168008726987025,31.8595073223114,6331.181665833283,199,0.13291485442241435,907.2041632531484,896.6649826971689,0.0030166488140821457,0.025772888213396072,0.03248666971921921,0.06208779290318489,0.1359243206819668,6460.546929762217,6325.43812124059
0.00496014766395092,905.3067227169673,0.1463375098544127,7752.271377801895,0.13866478870000518,32.063655614852905,6345.934361150106,200,0.13274509473329596,902.7648504584632,897.8448248815537,0.002969674300402403,0.0293597225099802,0.04589666798710823,0.10070624202489853,0.1359243206819668,6460.546929762217,6346.881523542938
0.0017836097395047545,905.3067227169673,0.14267803780901755,7784.653780698776,0.141171785813662,32.27279996871948,6345.440194360911,201,0.13458389347930938,901.7797999273935,893.5077741654715,0.002634843345731497,0.029255736619234085,0.04370332509279251,0.07904399931430817,0.1359243206819668,6460.546929762217,6344.924522824453
0.002837744075804949,905.3067227169673,0.14125468335903144,7817.191179037094,0.13750297000836215,32.43382263183594,6362.4578177219655,202,0.13808694166404153,897.1437739187876,897.469520933787,0.002729490865021944,0.02785567007958889,0.040699999779462814,0.07756894081830978,0.1359243206819668,6460.546929762217,6368.340319053092
0.004515421576797962,905.3067227169673,0.14118643116656368,7849.153944730759,0.1399327986100853,31.836621522903442,6354.921343483175,203,0.1386928902458431,897.5719064737955,896.4770998331705,0.002373241353780031,0.027893666177988052,0.046666670590639114,0.09586227685213089,0.1359243206819668,6460.546929762217,6356.818770696717
0.006695277988910675,905.3067227169673,0.14129774557007696,7880.889825582504,0.13710886245962356,31.61501169204712,6369.364808849437,204,0.14112755729226986,894.6269697065353,899.2708548523584,0.00265038781799376,0.027794744819402695,0.04545999690890312,0.1253887116909027,0.1359243206819668,6460.546929762217,6362.932335680033
0.004598097875714302,905.3067227169673,0.14282752754425782,7914.3573660850525,0.14176114711773377,33.33597493171692,6354.589460180562,205,0.1418155683161228,895.2954629348119,896.4390567337672,0.002158563816919923,0.027450431138277054,0.04012666270136833,0.09554851800203323,0.1359243206819668,6460.546929762217,6349.5713939122015
0.0028639817610383034,905.3067227169673,0.1407551293034328,7963.725485801697,0.13952919342553263,49.198588848114014,6361.177964857381,206,0.14208294925279671,894.733977253596,898.3498174985249,0.0025778852868825197,0.025945374742150307,0.03980667144060135,0.11333310604095459,0.1359243206819668,6460.546929762217,6357.599056802825
0.0025810652878135443,905.3067227169673,0.1448440075789135,8025.257910013199,0.14457343015263707,61.37270140647888,6375.0959475947575,207,0.1460439346122989,890.7796990321477,892.229448928515,0.00239228131249547,0.024504853412508965,0.03536000847816467,0.05988463759422302,0.1359243206819668,6460.546929762217,6368.291992571717
0.00376514857634902,905.3067227169673,0.14770071911231583,8087.695219278336,0.14594955603806123,62.2645788192749,6363.796984756216,208,0.1474057957917501,889.8689217278162,891.7058035182953,0.0020946688018739223,0.022058065980672836,0.03141000121831894,0.055531639605760574,0.1359243206819668,6460.546929762217,6365.314951847229
0.0015713740140199661,905.3067227169673,0.14824857636402644,8149.395109653473,0.13305940984110573,61.549657583236694,6369.074777780051,209,0.13385619711802327,906.1642610572179,906.2324914989472,0.0022245936561375856,0.02269497886300087,0.034786663949489594,0.083390973508358,0.1359243206819668,6460.546929762217,6374.409086225231
0.0013424509670585394,905.3067227169673,0.14518656464729737,8211.653069257736,0.14395146824139238,62.11194849014282,6368.469082962342,210,0.14144710718176334,897.3979276676179,895.0931426184973,0.0022120168432593346,0.023994600400328636,0.03573333099484444,0.0822640135884285,0.1359243206819668,6460.546929762217,6367.1175371734125
0.005318469367921352,905.3067227169673,0.150368418268249,8273.251850366592,0.1429483713203973,61.41693305969238,6375.206195344493,211,0.145945467600515,891.0355274963379,894.551291454951,0.0021216305904090405,0.025396421551704407,0.037416666746139526,0.08164558559656143,0.1359243206819668,6460.546929762217,6366.270601367798
0.003978099673986435,905.3067227169673,0.1429449830488252,8336.388043880463,0.14556998040254773,62.99404430389404,6351.3883873697405,212,0.13762746713436846,902.330528383255,893.9913519090017,0.002474840497598052,0.025948818773031235,0.044003333896398544,0.09772082418203354,0.1359243206819668,6460.546929762217,6351.548101341757
-0.0015729631995782256,905.3067227169673,0.14435334027234442,8398.584913730621,0.14627984046432388,62.01942276954651,6362.335330836285,213,0.1373536802331348,900.3298169355393,891.7251803865432,0.002487638732418418,0.02464251033961773,0.035296667367219925,0.06844881922006607,0.1359243206819668,6460.546929762217,6359.703694097495
-0.0004449295811355114,905.3067227169673,0.14570372145000046,8459.86862564087,0.1447978623586591,61.10271739959717,6376.4526790500895,214,0.14463770990096506,894.2616355527242,893.4789586846033,0.002370799658820033,0.022821949794888496,0.02503666654229164,0.02706371620297432,0.1359243206819668,6460.546929762217,6379.62882185191
0.0012761654797941446,905.3067227169673,0.14895300611214868,8522.741208314896,0.14568183549794889,62.701096057891846,6351.7471284357725,215,0.13935179379498813,897.9290402727125,892.4127163273494,0.0024409512989223003,0.023729421198368073,0.03227332979440689,0.0498928539454937,0.1359243206819668,6460.546929762217,6358.689938599701
