3th HEFT qoe,0th greedy qoe,0th HEFT qoe,5th HEFT qoe,7th greedy qoe,8th greedy run time cost,4th greedy energy cost,clipfrac,4th HEFT qoe,5th HEFT run time cost,0th HEFT run time cost,7th greedy energy cost,6th greedy energy cost,2th HEFT qoe,6th HEFT run time cost,2th energy cost ,2th greedy run time cost,time_elapsed,0th energy cost ,2th run time cost ,approxkl,0th greedy run time cost,6th HEFT energy cost,8th run time cost ,policy_entropy,3th HEFT run time cost,8th greedy energy cost,2th HEFT energy cost,5th HEFT energy cost,time_one_episode,8th energy cost ,1th greedy run time cost,5th energy cost ,3th run time cost ,8th qoe ,0th HEFT energy cost,6th run time cost ,1th energy cost ,5th greedy qoe,0th run time cost ,3th energy cost ,7th greedy run time cost,0th qoe ,1th greedy energy cost,4th greedy qoe,1th HEFT energy cost,4th energy cost ,6th qoe ,6th greedy qoe,7th HEFT energy cost,policy_loss,7th energy cost ,8th HEFT run time cost,mean reward,2th greedy energy cost,8th HEFT qoe,2th HEFT run time cost,3th greedy energy cost,2th greedy qoe,5th greedy energy cost,value_loss,0th greedy energy cost,3th greedy qoe,1th run time cost ,2th qoe ,3th HEFT energy cost,5th greedy run time cost,6th energy cost ,1th HEFT qoe,4th HEFT run time cost,5th run time cost ,7th run time cost ,7th HEFT qoe,3th qoe ,8th greedy qoe,5th qoe ,1th qoe ,4th greedy run time cost,6th greedy run time cost,4th run time cost ,1th HEFT run time cost,4th HEFT energy cost,6th HEFT qoe,7th HEFT run time cost,4th qoe ,1th greedy qoe,8th HEFT energy cost,7th qoe ,3th greedy run time cost,time_step
0.3343725078063076,0.10785859529128432,0.2551213015943521,0.3055328818535561,0.00925289962553572,3627.170936895098,13370.451022816904,0.1775646060705185,0.3233191913893718,1719.989443877084,533.2563111006873,20234.915687691366,18431.696634104897,0.30983934938126306,1939.05790612466,6522.748232910397,1313.8800297457828,783.258097410202,2998.755116512255,1172.4876071790966,0.1653156727552414,641.4090000427791,14216.577140344192,3033.8746377220164,0.5997670292854309,1194.9526574055808,23284.67885780359,6933.037904044321,12393.27512173401,783.2580909729004,17857.70058848933,975.306028216226,11873.521203239354,1474.2181360960008,0.1727123621252125,3743.1159115890277,2409.373858509063,4723.536638085131,0.029000565505923958,642.6553507930212,8597.967949094,3152.69452960968,0.09857552475047622,6279.629357369517,0.042728032559160196,5299.6566014007785,10184.04743414189,0.17354877978977068,0.014133851808572849,15223.331276192237,0.021807100623846054,15484.174082765458,2391.006298803329,0.004996062759167266,8511.687729975129,0.34613088238571016,958.8250568994794,11069.167862511838,0.06009889452006413,15444.395769554987,0.014404437504708767,3891.329489689483,0.05286380376349517,909.9662346542905,0.15621055073904433,8730.991672518092,2393.4802904770713,14059.509512408036,0.2855861032396183,1454.5292137459346,2077.589381276676,2538.2394014929364,0.3550728848706165,0.17536876998448694,0.010875322821657268,0.1578777026317923,0.12342809457539779,2063.9250939822878,2867.3345202534542,1761.527867936543,743.2030268492017,10589.116226925376,0.33782091345416704,2043.4063558368682,0.17863023475459427,0.07070231741496687,17620.752165519214,0.19649549543576822,1702.5304503686089,1
0.3343725078063076,0.17855651323987665,0.2551213015943521,0.3055328818535561,0.08582937826126935,3472.998383602279,12219.071324589237,0.11762814223766327,0.3233191913893718,1719.989443877084,533.2563111006873,19099.735240575737,17259.43935408659,0.30983934938126306,1939.05790612466,6297.853447626911,1142.3673211094992,1551.5986950397491,2916.6988155269737,1151.848414355959,0.008356723934412003,587.7004666936057,14216.577140344192,2904.353159262385,0.6526731848716736,1194.9526574055808,22565.12862017947,6933.037904044321,12393.27512173401,767.9423882961273,17558.206415562963,857.5018155315945,11537.287336929103,1428.025520819664,0.2064885924706767,3743.1159115890277,2334.916177566665,4654.243092927551,0.12484728660959366,648.5878744480949,8182.522420489066,2903.258930330004,0.09247060122625772,5510.085998073969,0.15232702539182158,5299.6566014007785,10044.55366817627,0.19877442000306314,0.09641279639652003,15223.331276192237,-0.009138536639511585,15258.956364961463,2391.006298803329,0.005148482507074143,7521.940145282722,0.34613088238571016,958.8250568994794,9917.478918927458,0.1829375007103301,14416.091062522388,0.0037732133641839027,3347.229270001548,0.17951955662194727,897.6976161158425,0.1668375447846707,8730.991672518092,2167.143743940353,13804.825503384818,0.2855861032396183,1454.5292137459346,2047.7859916484013,2439.3952941395896,0.3550728848706165,0.2026691739010767,0.05402972917748532,0.1734619715169011,0.13413493272665167,1829.5176341220308,2624.3182277724404,1706.9576693846839,743.2030268492017,10589.116226925376,0.33782091345416704,2043.4063558368682,0.20394237804101523,0.1763103149240796,17620.752165519214,0.22764395652826214,1472.6474026224955,2
0.3343725078063076,0.09516457286002046,0.2551213015943521,0.3055328818535561,0.24941881213496536,2857.623873268945,10360.71881308208,0.15889203548431396,0.3233191913893718,1719.989443877084,533.2563111006873,16089.72352663243,14689.911087407596,0.30983934938126306,1939.05790612466,5908.693369413954,1022.7713638560432,2300.283840894699,2703.257196677421,1107.171604111399,0.010442939586937428,648.30344384752,14216.577140344192,2819.1885108231136,0.6507793664932251,1194.9526574055808,19058.68026825045,6933.037904044321,12393.27512173401,748.5819780826569,16945.32230709024,818.3223726291657,11245.981263819256,1375.4544114843097,0.23097748848827312,3743.1159115890277,2234.32311429664,4303.851539447196,0.24937493354627102,642.6468441949573,7781.477779124342,2367.36777823816,0.0958377294728573,4390.138425675311,0.27794452017669835,5299.6566014007785,9517.54507818743,0.23640260395885535,0.24311828281684922,15223.331276192237,-0.012366523034870625,14459.833201823538,2391.006298803329,0.0058423675868693025,6298.275613331823,0.34613088238571016,958.8250568994794,8377.105849725236,0.2660625030698358,12325.802395033545,0.004387508612126112,2301.9856009368023,0.2931168234068997,886.7948496897562,0.20339821116284196,8730.991672518092,1858.7094629775456,13187.550174993768,0.2855861032396183,1454.5292137459346,1991.1436749406546,2341.164394772666,0.3550728848706165,0.23322094566631144,0.21850843325496874,0.1953878441948943,0.14434870805853323,1555.2248005933757,2204.129605288233,1652.3574993745258,743.2030268492017,10589.116226925376,0.33782091345416704,2043.4063558368682,0.23225676134590842,0.20856328369963723,17620.752165519214,0.261372268825842,1266.4651248012271,3
0.3343725078063076,0.07714090406797448,0.2551213015943521,0.3055328818535561,0.3371957140362853,2566.1745957450867,9220.575156612877,0.17556701600551605,0.3233191913893718,1719.989443877084,533.2563111006873,14619.371424855193,13537.694519091516,0.30983934938126306,1939.05790612466,5559.972047124242,1021.781293083327,3044.2357432842255,2489.5174992577904,1115.9942385218483,0.012118343263864517,663.8616161272867,14216.577140344192,2706.439219457899,0.6347383856773376,1194.9526574055808,17323.297043637544,6933.037904044321,12393.27512173401,743.8570420742035,16394.002026834412,840.7039536845346,10744.536062574158,1346.9722669109617,0.26151939715650435,3743.1159115890277,2158.418541851452,4020.240886807905,0.3129204000166712,643.7569685829708,7312.738139446672,2087.7109014340813,0.09761912391870807,3935.7271999637055,0.32421992829792345,5299.6566014007785,9202.126892038314,0.2595858691536048,0.31754390713470176,15223.331276192237,-0.012973323464393616,13960.392052013682,2391.006298803329,0.006643621053717746,5706.656543898795,0.34613088238571016,958.8250568994794,7305.905161288628,0.26621660652668366,11156.066193053175,0.005041965749114752,2034.778383128771,0.31145925938509644,862.7604151248931,0.19947770469511536,8730.991672518092,1705.3798859712056,12791.034013131237,0.2855861032396183,1454.5292137459346,1918.8798005433762,2251.6977974745887,0.3550728848706165,0.24759718641698358,0.3002417877253285,0.22492419956099652,0.163279267675993,1458.507522265843,1990.8188953703475,1636.6242648072928,743.2030268492017,10589.116226925376,0.33782091345416704,2043.4063558368682,0.2386898622963559,0.18953876090808972,17620.752165519214,0.28976480257620374,1234.078773446628,4
0.3343725078063076,0.07101174614330429,0.2551213015943521,0.3055328818535561,0.3788183431458411,2452.8994874065943,8858.723197035195,0.16079866886138916,0.3233191913893718,1719.989443877084,533.2563111006873,13732.571911652525,12914.168228053108,0.30983934938126306,1939.05790612466,5420.162575513959,1040.9938019369672,3794.4793288707733,2223.5182642015297,1100.0958707557409,0.01289382204413414,667.9355904666357,14216.577140344192,2667.077848006113,0.60302734375,1194.9526574055808,16519.502029461193,6933.037904044321,12393.27512173401,750.1480777263641,16066.33606002727,856.0739872527805,10443.288634624612,1312.2719514021194,0.27283302803456666,3743.1159115890277,2110.1519279781073,3789.837415547638,0.3274579547540658,646.5048941309793,6979.279168759156,1959.8919564531875,0.08958328035688254,3855.1174551998683,0.32475959004344057,5299.6566014007785,8814.317057381179,0.2761646854756463,0.34607928783852765,15223.331276192237,-0.010354297235608101,13646.095999412362,2391.006298803329,0.007358111965456129,5578.502231022448,0.34613088238571016,958.8250568994794,6965.856168163168,0.25199123289932657,10699.350086607208,0.004866894334554672,1902.5248145278715,0.2976953145718221,864.8499771327973,0.2086677691628604,8730.991672518092,1672.7868911127362,12453.065940934817,0.2855861032396183,1454.5292137459346,1823.1453834492818,2127.187550755501,0.3550728848706165,0.268746122476433,0.33040688170716437,0.26442383122673924,0.16116734894367468,1455.2550411714826,1911.4270110246111,1554.2381733304435,743.2030268492017,10589.116226925376,0.33782091345416704,2043.4063558368682,0.27846988300459063,0.17408270799097494,17620.752165519214,0.32697537875933264,1260.8970611328396,5
0.3343725078063076,0.09220681327284433,0.2551213015943521,0.3055328818535561,0.3941549649620752,2385.8747915713448,8763.514269601268,0.15706713497638702,0.3233191913893718,1719.989443877084,533.2563111006873,13282.24675700653,12534.38451996473,0.30983934938126306,1939.05790612466,5258.85071119967,1043.3922330593382,4555.067737817764,2190.8230693577793,1081.221259357044,0.0154873700812459,654.8347306968144,14216.577140344192,2575.8222893131797,0.5578970909118652,1194.9526574055808,16134.155911612987,6933.037904044321,12393.27512173401,760.4897892475128,16092.119078460282,851.3476482714244,10003.951874288025,1323.4015376968382,0.29811558456818993,3743.1159115890277,2060.366034882955,3666.3561871815705,0.3223786981892778,660.0261112666811,6794.649250310953,1914.803035178048,0.07873620218480248,3898.1179393311204,0.3196401818726232,5299.6566014007785,8465.060055088785,0.29538497625029714,0.3474485079173986,15223.331276192237,-0.008749734610319138,13356.163705579751,2391.006298803329,0.007817591810771522,5610.869906483155,0.34613088238571016,958.8250568994794,6959.094780025679,0.25082457227751814,10545.52016635498,0.0053281402215361595,2164.2493482528685,0.29374380520785026,881.9105919397899,0.22251783729959013,8730.991672518092,1681.3825507511415,12249.59704643572,0.2855861032396183,1454.5292137459346,1798.3108450008117,2090.6689888564515,0.3550728848706165,0.2637764631428723,0.34948225018602086,0.27607607165033515,0.1450859142348479,1467.1631408972057,1909.8121477340972,1551.476076413972,743.2030268492017,10589.116226925376,0.33782091345416704,2043.4063558368682,0.27992590553744806,0.17908037844732647,17620.752165519214,0.338255559560448,1266.5934711986272,6
0.3343725078063076,0.10238936959595632,0.2551213015943521,0.3055328818535561,0.3961259525825866,2362.860342811039,8721.8222001852,0.1371804028749466,0.3233191913893718,1719.989443877084,533.2563111006873,13142.80638952975,12542.048037638397,0.30983934938126306,1939.05790612466,5269.263185626461,1044.110134980338,5308.021080255508,2231.4468941912623,1099.404108018875,0.014755511656403542,647.8944865510123,14216.577140344192,2525.6862021258216,0.5155781507492065,1194.9526574055808,15939.95127791164,6933.037904044321,12393.27512173401,752.859655380249,15909.106244083077,857.2763386832646,10237.689298483996,1308.1607406760625,0.3132498775019398,3743.1159115890277,2021.315915070943,3807.9899194507707,0.32020876871429244,652.4878583382199,6646.772048561401,1908.6603605187283,0.08792424382931313,3896.3480628681723,0.3126666144746229,5299.6566014007785,8427.104708735198,0.3100706876658641,0.35077133635482816,15223.331276192237,-0.007405915297567844,13193.58121069761,2391.006298803329,0.008202841605690226,5582.865993806827,0.34613088238571016,958.8250568994794,6890.509629544876,0.25118018886335935,10441.30173129739,0.005571003537625074,2353.1023276863534,0.29024070904000226,867.0809325742722,0.2126229064197295,8730.991672518092,1687.743374396188,12239.926328154013,0.2855861032396183,1454.5292137459346,1755.0011486695155,2018.5924170969554,0.3550728848706165,0.27136653222408763,0.3566636727965822,0.2931884241350364,0.15685927935103666,1480.1971336167198,1899.3406931814468,1524.1824310319084,743.2030268492017,10589.116226925376,0.33782091345416704,2043.4063558368682,0.2911949390590282,0.17317858238241438,17620.752165519214,0.36210746505300684,1273.5278469975335,7
0.3343725078063076,0.10942518692167295,0.2551213015943521,0.3055328818535561,0.3983697439467783,2362.180737654277,8763.406755028947,0.13844099640846252,0.3233191913893718,1719.989443877084,533.2563111006873,13083.016115022607,12573.341654440177,0.30983934938126306,1939.05790612466,5318.1410314505665,1024.4828633546829,6045.940984964371,2115.7683109542195,1086.7286040015902,0.017868200317025185,643.6298477829525,14216.577140344192,2457.3959504184722,0.46984782814979553,1194.9526574055808,15893.503384957625,6933.037904044321,12393.27512173401,737.8210508823395,15995.388296949137,844.0132272228512,10234.225640270146,1285.6003491911206,0.3315113044734192,3743.1159115890277,1988.6842639563429,3722.2689152748762,0.3198995396388679,653.4297145102364,6834.413938536397,1902.2449898093091,0.0882951254759775,3993.971236630228,0.31672824404433586,5299.6566014007785,8436.660162803499,0.32019247190384126,0.3509050298091364,15223.331276192237,-0.007185803726315498,13132.605940558778,2391.006298803329,0.00844973305060696,5713.3418389385115,0.34613088238571016,958.8250568994794,7035.784442643085,0.26476896612882866,10453.11887196435,0.004628694150596857,2354.9320041707283,0.2995330021491425,864.6648704763143,0.2202730246090609,8730.991672518092,1687.3469196104322,12342.98553342098,0.2855861032396183,1454.5292137459346,1749.534729284559,1990.2355359819956,0.3550728848706165,0.28107662139018774,0.35701185087341464,0.2964444252298389,0.16237961725919436,1472.6467814752034,1898.3710872188294,1519.0085205071312,743.2030268492017,10589.116226925376,0.33782091345416704,2043.4063558368682,0.29621515807353405,0.18473162123694375,17620.752165519214,0.37134543441621376,1254.3386798146112,8
0.3343725078063076,0.12775547430411238,0.2551213015943521,0.3055328818535561,0.3976739309768995,2369.0654021012438,8743.487647813328,0.1371033787727356,0.3233191913893718,1719.989443877084,533.2563111006873,13132.698916076617,12605.627427000447,0.30983934938126306,1939.05790612466,5498.775340643441,1026.746405175209,6781.91776061058,2278.7413742274257,1053.985843758447,0.025553030893206596,630.0175408161708,14216.577140344192,2459.430454396929,0.42058831453323364,1194.9526574055808,15948.705188631744,6933.037904044321,12393.27512173401,735.8823964595795,16218.18206029914,832.6483626455579,10457.758277913907,1271.650146189281,0.3312121717143644,3743.1159115890277,1955.5605337336403,3879.4728467007662,0.32215424072461507,643.5174686299733,6836.275216260507,1905.4035414138523,0.10274165265011932,4038.0796242668375,0.3167471246933371,5299.6566014007785,8646.41248835663,0.3321373345493299,0.35291950369199987,15223.331276192237,-0.0063657332211732864,13340.307304679764,2391.006298803329,0.008756329769294267,5678.1600802336125,0.34613088238571016,958.8250568994794,7042.497195456479,0.26248411291342877,10488.981937531762,0.0038987682200968266,2402.528159761352,0.30157418979731776,838.5782030279977,0.24295131385379543,8730.991672518092,1680.803742343085,12579.886573690621,0.2855861032396183,1454.5292137459346,1723.8747529055731,1959.805186256681,0.3550728848706165,0.28962299357697985,0.3553656110846098,0.30618276599082356,0.1907540478358804,1471.265864753587,1894.4487418928145,1500.7620576744077,743.2030268492017,10589.116226925376,0.33782091345416704,2043.4063558368682,0.3037237641780189,0.19473627808359265,17620.752165519214,0.38021459010724196,1251.2926309405736,9
0.3343725078063076,0.12880768778243434,0.2551213015943521,0.3055328818535561,0.39769331752634024,2362.475249955995,8743.580309300822,0.12516772747039795,0.3233191913893718,1719.989443877084,533.2563111006873,13067.595344842246,12563.629008636148,0.30983934938126306,1939.05790612466,5524.426371573333,1021.4884282978602,7520.800046920776,2383.2776954086735,1045.3138020913261,0.030708082020282745,628.75851919869,14216.577140344192,2414.8167878125055,0.3872332274913788,1194.9526574055808,15953.833689349147,6933.037904044321,12393.27512173401,738.7891840934753,16063.004473421914,829.2252058075495,10346.377293962554,1277.9915197376522,0.3435222374130503,3743.1159115890277,1949.2241552388327,3897.17024933827,0.32082016264015933,623.1727457615988,6837.350637889056,1904.9818967507226,0.1341280619431659,4039.6034399391606,0.31920317313247826,5299.6566014007785,8633.677325082965,0.3342363757097094,0.35279095577474046,15223.331276192237,-0.0065847476944327354,13310.889791094032,2391.006298803329,0.009138175578390147,5664.530963520661,0.34613088238571016,958.8250568994794,6971.106462561385,0.26638957976585453,10449.308079098271,0.00342587404884398,2329.9056405537635,0.3002172246891089,835.6603956210274,0.2500868192495079,8730.991672518092,1685.8226136015487,12507.635708514728,0.2855861032396183,1454.5292137459346,1717.263548752376,1940.5349924222405,0.3550728848706165,0.2872998261322854,0.35746292862985013,0.30869441118943547,0.19335271097609663,1467.2246618691852,1894.1642108113426,1500.7019039844786,743.2030268492017,10589.116226925376,0.33782091345416704,2043.4063558368682,0.3054516204945488,0.19931738729146287,17620.752165519214,0.3860762099955032,1254.959391734668,10
0.3343725078063076,0.12563006188764403,0.2551213015943521,0.3055328818535561,0.3994439836233606,2353.9630259640558,8702.005014546356,0.1359250247478485,0.3233191913893718,1719.989443877084,533.2563111006873,13030.56725909448,12515.165413929466,0.30983934938126306,1939.05790612466,5631.947679563075,1022.5457825957704,8267.95260810852,2424.910115732335,1040.2421343826566,0.03080674819648266,630.477349952289,14216.577140344192,2397.830740309579,0.36640068888664246,1194.9526574055808,15900.481150050487,6933.037904044321,12393.27512173401,747.0557379722595,16194.999578600464,825.8511231028693,10498.822138338885,1242.4953702339442,0.3471663508037026,3743.1159115890277,1949.8414326467516,3919.6967277824624,0.320193801848726,621.9755244622911,7059.581940916312,1900.602303027562,0.1358616509202912,3960.5619525824627,0.31621634747273,5299.6566014007785,8756.988194090554,0.3334634976123423,0.35434323656979216,15223.331276192237,-0.005047956947237253,13340.08633996011,2391.006298803329,0.009366415653473771,5648.985824160395,0.34613088238571016,958.8250568994794,6951.0394465935415,0.2645653671560353,10387.764547380415,0.003350344020873308,2315.0185835783163,0.3001209138904734,839.3937569240843,0.2520025269268991,8730.991672518092,1686.2897450922558,12660.29769871161,0.2855861032396183,1454.5292137459346,1707.5106400265013,1932.876824832916,0.3550728848706165,0.30620924924814347,0.35936921732957045,0.31268896286533177,0.19107621254985246,1473.1520077608654,1890.5509333186833,1490.5188114171708,743.2030268492017,10589.116226925376,0.33782091345416704,2043.4063558368682,0.30958139192703493,0.20281576899068057,17620.752165519214,0.38849077783037517,1255.086975975718,11
0.3343725078063076,0.13727079017268026,0.2551213015943521,0.3055328818535561,0.3998781671873573,2354.805222117015,8643.608405493229,0.11482062935829163,0.3233191913893718,1719.989443877084,533.2563111006873,13037.776509831981,12447.320841424997,0.30983934938126306,1939.05790612466,5552.807511202808,1027.538658303533,8986.765472650528,2508.2885956510927,1032.3527734191075,0.02016534097492695,622.3454447705406,14216.577140344192,2408.751948087965,0.3475286066532135,1194.9526574055808,15808.06437687461,6933.037904044321,12393.27512173401,718.71653175354,15895.18212610223,833.4374734494345,10413.665473192923,1263.4532750725066,0.3457685386805923,3743.1159115890277,1939.054412737029,3983.5881389583483,0.31710878393722663,611.4332811673027,6882.348565132818,1899.0815886354446,0.15122488164652984,3809.545987002106,0.3139968791846161,5299.6566014007785,8688.88503624324,0.33764732099039135,0.3490891336563496,15223.331276192237,-0.003243608633056283,13216.635026860115,2391.006298803329,0.009574910319994379,5615.171831301466,0.34613088238571016,958.8250568994794,6893.620066146218,0.26241832379094204,10345.28123512863,0.0038220412097871304,2464.828007260459,0.29488679710281757,825.9116882918222,0.25925552588575157,8730.991672518092,1694.0490643339158,12538.274978675885,0.2855861032396183,1454.5292137459346,1712.7586630155015,1939.696348408699,0.3550728848706165,0.29547357805728075,0.35942844846362,0.310454152244277,0.2025320034268857,1477.7965100712092,1904.767400266375,1485.943750706809,743.2030268492017,10589.116226925376,0.33782091345416704,2043.4063558368682,0.3104756583039376,0.19618385141770894,17620.752165519214,0.38726531783901413,1264.7975260096957,12
0.3343725078063076,0.138069129004887,0.2551213015943521,0.3055328818535561,0.3985290280420976,2348.5859191778727,8718.004901765551,0.12520155310630798,0.3233191913893718,1719.989443877084,533.2563111006873,13031.184861686446,12485.190383571884,0.30983934938126306,1939.05790612466,5799.144488211734,1015.2304538863044,9711.432481527328,2582.6450863376945,1013.8743431697571,0.022814380005002022,621.2689266285215,14216.577140344192,2412.2433999922614,0.34367260336875916,1194.9526574055808,15955.75709148263,6933.037904044321,12393.27512173401,724.572776556015,16248.908911381706,817.7194629998888,10646.104067832206,1257.0716137089048,0.34431078206158117,3743.1159115890277,1938.4311484520777,4094.851274504329,0.317016336043542,606.0205382077354,7112.582101231036,1901.9236303266796,0.15859397938764005,3905.9647570065745,0.31636242340242887,5299.6566014007785,8866.226484119568,0.3373163604912415,0.35191730636719754,15223.331276192237,-0.004640999250113964,13503.383236563679,2391.006298803329,0.009604135197711198,5688.026150187182,0.34613088238571016,958.8250568994794,6947.883004059602,0.26986546388010413,10397.76200585944,0.0054906453005969524,2404.3278322269766,0.29981866000737456,821.3925220090323,0.27189123027757267,8730.991672518092,1693.998304715974,12762.469759097772,0.2855861032396183,1454.5292137459346,1698.6722936361857,1936.4786417090552,0.3550728848706165,0.29989810762585883,0.3613748759204177,0.31600330874285204,0.20753650602011578,1472.8358837987355,1897.0935837699344,1475.1404258609496,743.2030268492017,10589.116226925376,0.33782091345416704,2043.4063558368682,0.3164010617369435,0.21136569859545828,17620.752165519214,0.38778473226958865,1253.9528488607407,13
0.3343725078063076,0.1452852991165024,0.2551213015943521,0.3055328818535561,0.39545396185817944,2355.819282165391,8671.186811112866,0.11222846806049347,0.3233191913893718,1719.989443877084,533.2563111006873,12941.303466309662,12412.790746531698,0.30983934938126306,1939.05790612466,5636.163074045214,1020.0317104865483,10422.338384389877,2626.0144357841277,1027.5520202304294,0.02016707882285118,616.357269822802,14216.577140344192,2404.262569923401,0.3346802294254303,1194.9526574055808,15858.84343278619,6933.037904044321,12393.27512173401,710.8181114196777,16010.312583567416,822.205074673244,10425.295298861694,1264.4099555676323,0.34665328717660976,3743.1159115890277,1945.134197458131,4101.139618108804,0.31405073505153447,607.4716900569372,6997.885359200681,1912.8853250638415,0.15758087211164565,3900.747840369524,0.31254850045615634,5299.6566014007785,8783.875407950372,0.33529989485326245,0.34676870206616994,15223.331276192237,-0.0032669962383806705,13229.935223302986,2391.006298803329,0.009729431030981278,5642.5168165162,0.34613088238571016,958.8250568994794,6978.315884412275,0.2666028768039067,10366.247202605417,0.005315628834068775,2474.1962324800984,0.3023241835800562,812.9166701515744,0.2628802921194184,8730.991672518092,1699.8167272667206,12484.836496437507,0.2855861032396183,1454.5292137459346,1713.427075308527,1948.2849723739623,0.3550728848706165,0.2944306970514788,0.35942306218087444,0.3097160889550582,0.21418560139547474,1479.8385267535618,1911.5032661517007,1480.7356361299242,743.2030268492017,10589.116226925376,0.33782091345416704,2043.4063558368682,0.31255578457249206,0.20634070066490065,17620.752165519214,0.3841464034166046,1249.975487087931,14
0.3343725078063076,0.14474451607068967,0.2551213015943521,0.3055328818535561,0.3957607181500973,2362.6416257020405,8749.287959436078,0.14222367107868195,0.3233191913893718,1719.989443877084,533.2563111006873,13105.744665737348,12493.323485642417,0.30983934938126306,1939.05790612466,5767.9479968402975,1018.9011683265139,11234.666320085526,2625.885080712694,1016.0358766923632,0.027107708156108856,616.0883403080531,14216.577140344192,2428.8233510558266,0.34553882479667664,1194.9526574055808,16028.437781171897,6933.037904044321,12393.27512173401,812.2390985488892,16224.283484252252,816.3970168853488,10722.015870602745,1252.7334660312106,0.3393318628571522,3743.1159115890277,1949.5007684565953,4126.950766538261,0.3164138050541384,604.2468428908758,7166.409305398885,1911.0909440284458,0.1601769232831939,3995.8791297364805,0.31916421308833604,5299.6566014007785,8958.233392007969,0.3334966795461852,0.3448734150771624,15223.331276192237,-0.0057152858935296535,13548.49597234628,2391.006298803329,0.009705129846614008,5728.792599440744,0.34613088238571016,958.8250568994794,6997.688524470324,0.2673165391119091,10476.744284032658,0.007955610752105713,2462.1480354207283,0.3007034645079109,811.7737251219069,0.27097014737483854,8730.991672518092,1692.8725974548884,12823.420105929481,0.2855861032396183,1454.5292137459346,1708.6920342043468,1932.0065839789254,0.3550728848706165,0.3007752532880218,0.3569802717210746,0.31176689773254646,0.21634919780571582,1466.9522006345476,1918.1192141824451,1478.203425321034,743.2030268492017,10589.116226925376,0.33782091345416704,2043.4063558368682,0.3144244890223782,0.21092156875189957,17620.752165519214,0.38931775056823953,1252.211803073883,15
0.3343725078063076,0.16826126460297133,0.2551213015943521,0.3055328818535561,0.3976641915707816,2355.0192968536103,8726.958783821347,0.12302232533693314,0.3233191913893718,1719.989443877084,533.2563111006873,13093.354621477074,12482.708577876345,0.30983934938126306,1939.05790612466,5713.181816238969,1020.1867940041677,12050.863347291946,2743.76336830198,1016.7783830977846,0.02037820778787136,598.8241174403599,14216.577140344192,2417.0964276312416,0.34302380681037903,1194.9526574055808,16012.091751796004,6933.037904044321,12393.27512173401,816.0796973705292,16146.278682266542,806.3836366521291,10658.204734038916,1239.092850940023,0.3423309589077013,3743.1159115890277,1926.8213956707548,4129.339112676217,0.3180119040609705,591.0785079566411,7132.88555604621,1905.4984616787772,0.17997532556127216,4082.2565283387103,0.31764972379531903,5299.6566014007785,8852.874374294128,0.3423263713498054,0.3477394655091438,15223.331276192237,-0.0024401783011853695,13267.36905761235,2391.006298803329,0.009772861707490412,5718.381661145215,0.34613088238571016,958.8250568994794,6975.533725724336,0.26667043893965003,10470.664286707219,0.006851265672594309,2603.045314769396,0.298691295209383,803.5907308334624,0.27053093304938935,8730.991672518092,1688.7928521783012,12741.546919824572,0.2855861032396183,1454.5292137459346,1680.1254379649847,1938.8714765274865,0.3550728848706165,0.3078609057679321,0.35916898281369547,0.32300231922100514,0.22421817460236146,1470.680334241322,1909.7838679042545,1468.3245160474776,743.2030268492017,10589.116226925376,0.33782091345416704,2043.4063558368682,0.31761610662042217,0.2200875604053861,17620.752165519214,0.3860006744870298,1256.1171426586423,16
0.3343725078063076,0.15109639184482332,0.2551213015943521,0.3055328818535561,0.3946730367877687,2354.935380591529,8903.305861582076,0.1274532973766327,0.3233191913893718,1719.989443877084,533.2563111006873,13141.449254711457,12594.416493962053,0.30983934938126306,1939.05790612466,5909.06340246931,1007.7997269694465,12882.970479488373,2661.7116385573468,1012.1657533934456,0.020008469000458717,613.4278885262353,14216.577140344192,2412.592150200435,0.3344647288322449,1194.9526574055808,16140.23504562635,6933.037904044321,12393.27512173401,832.0038027763367,16442.756079594223,812.1769548298971,10861.187095064808,1232.9684527454376,0.3445417385356947,3743.1159115890277,1939.7397435666492,4216.00841133024,0.31542938005501564,611.4400222907748,7353.450701142207,1912.3773461790086,0.1537218915216848,4110.956679486476,0.31755934777217687,5299.6566014007785,9071.022732085201,0.3367311689799105,0.34613587762772996,15223.331276192237,-0.0028787143528461456,13586.943361933769,2391.006298803329,0.009887928497173914,5821.941727305472,0.34613088238571016,958.8250568994794,7151.573563426579,0.2768256076073496,10754.128515692924,0.008912424556910992,2547.8547495836747,0.30547545264346126,808.207582520621,0.27111799121753466,8730.991672518092,1692.9037906934193,13044.913539808043,0.2855861032396183,1454.5292137459346,1693.1547450640542,1932.7606066667013,0.3550728848706165,0.3107487942514529,0.35901649749869935,0.31825183065323714,0.21861753448797766,1466.9147143451146,1913.2701232812065,1464.516193541799,743.2030268492017,10589.116226925376,0.33782091345416704,2043.4063558368682,0.320808672624452,0.21645281947584366,17620.752165519214,0.38890675494967786,1243.3369031951086,17
0.3343725078063076,0.16858667856253803,0.2551213015943521,0.3055328818535561,0.39427505729769946,2356.644013527461,8825.056414128047,0.1219220906496048,0.3233191913893718,1719.989443877084,533.2563111006873,12959.047507434669,12471.19008320404,0.30983934938126306,1939.05790612466,5805.002269272439,1019.2459103176935,13732.89449930191,2705.902041477879,1013.2214350193568,0.018638117238879204,600.4522590449197,14216.577140344192,2420.5822375183106,0.33711114525794983,1194.9526574055808,15898.3832394036,6933.037904044321,12393.27512173401,849.8150327205658,15974.714388709413,805.5422582965579,10552.980074308538,1245.272417242595,0.3425448957817636,3743.1159115890277,1922.2844528786798,4224.922361140943,0.31831465773671935,609.9956833708627,7211.105463181044,1916.6893804659164,0.15265106020542563,4139.22679375702,0.3175556879966577,5299.6566014007785,8941.516054781647,0.3431057795394834,0.34912401325508585,15223.331276192237,-0.004245428368449211,13325.566857365025,2391.006298803329,0.009874392336306416,5749.689074261714,0.34613088238571016,958.8250568994794,7123.35378081809,0.26927033864850963,10601.418969047394,0.004935704171657562,2669.173616872516,0.30525301358889284,799.8504046651294,0.2744428537767422,8730.991672518092,1687.6692472099576,12727.627685954021,0.2855861032396183,1454.5292137459346,1709.997860025951,1941.6528499667302,0.3550728848706165,0.3045182759763105,0.3589866884950361,0.3126206739241061,0.22343123640972024,1470.151898947171,1906.5682326729643,1466.2391824497495,743.2030268492017,10589.116226925376,0.33782091345416704,2043.4063558368682,0.319858402238088,0.22094689992165206,17620.752165519214,0.38618494757366983,1244.9204218747275,18
0.3343725078063076,0.17804087719317782,0.2551213015943521,0.3055328818535561,0.3918193810398512,2358.8541126139503,8958.48731999503,0.14914634823799133,0.3233191913893718,1719.989443877084,533.2563111006873,13222.886714564584,12618.160170837511,0.30983934938126306,1939.05790612466,5943.182386058611,1011.3699666200366,14571.38351559639,2905.179608242602,1005.0047448938914,0.0237685926258564,590.3426943326679,14216.577140344192,2411.1626260712487,0.35203853249549866,1194.9526574055808,16240.510166821901,6933.037904044321,12393.27512173401,838.36834192276,16471.96194225763,807.2657116922651,10983.83146550186,1237.2611141439165,0.3451227408180843,3743.1159115890277,1939.4782140873497,4277.721868843166,0.31845438376093654,586.0213979124342,7360.298299064963,1920.867467562948,0.18562649269741271,4150.322704172647,0.3196981659622274,5299.6566014007785,9206.019324349476,0.33740012006959946,0.34757785125607044,15223.331276192237,-0.003921337891370058,13611.112088545378,2391.006298803329,0.009906267008871093,5847.021607823334,0.34613088238571016,958.8250568994794,7176.282950472566,0.2752838254964323,10877.858030314352,0.008071658201515675,2815.243627915824,0.30569630694429817,806.3001754476002,0.2791238475454094,8730.991672518092,1690.5739847026553,13016.765985026788,0.2855861032396183,1454.5292137459346,1675.8846413589206,1945.3221249682565,0.3550728848706165,0.3092570988181599,0.3578368553536944,0.3253313362314506,0.2203055045102394,1463.9082199619838,1908.9234411254613,1451.2109359592712,743.2030268492017,10589.116226925376,0.33782091345416704,2043.4063558368682,0.3267283697887855,0.219743825404198,17620.752165519214,0.38434746221185334,1243.5935893731798,19
0.3343725078063076,0.18157587808374714,0.2551213015943521,0.3055328818535561,0.3949791529303887,2349.6077203232903,8930.292675941902,0.11926630139350891,0.3233191913893718,1719.989443877084,533.2563111006873,13099.807763125282,12498.68673992279,0.30983934938126306,1939.05790612466,5879.750566180028,1006.950952865192,15423.0718832016,2887.5100290542164,1010.0806200536999,0.017504239454865456,589.389816299166,14216.577140344192,2403.215027623858,0.34669259190559387,1194.9526574055808,16015.506888827276,6933.037904044321,12393.27512173401,851.5699031352997,16240.579222639291,807.7886951362066,10790.319132833993,1229.5384465729849,0.3470733820425964,3743.1159115890277,1951.0908217552728,4241.290238837825,0.32506326698115506,586.6878888503484,7205.202059954247,1913.5561165884562,0.1859724494438644,4184.6572458842475,0.3234366660920687,5299.6566014007785,8972.524938883864,0.33372494522650625,0.3483713469408696,15223.331276192237,-0.0035663084127008915,13601.161330498047,2391.006298803329,0.009985864191178221,5881.768115067967,0.34613088238571016,958.8250568994794,7246.214529523012,0.2780693778036883,10680.612880660794,0.006262192502617836,2823.478103624747,0.3089925711534757,802.9027816925051,0.2748552490015197,8730.991672518092,1672.2285060682295,12684.557377143316,0.2855861032396183,1454.5292137459346,1671.3737012255528,1926.437810984339,0.3550728848706165,0.3128735908863363,0.36083432004439797,0.327035227598552,0.22455366973640886,1458.2940515965051,1908.2678986982617,1448.1467187945498,743.2030268492017,10589.116226925376,0.33782091345416704,2043.4063558368682,0.3285560223537866,0.2187193668519329,17620.752165519214,0.39086718175253965,1237.4987242606028,20
0.3343725078063076,0.18566461909871498,0.2551213015943521,0.3055328818535561,0.39550978756555877,2364.8697213008063,9158.741423203517,0.1416914165019989,0.3233191913893718,1719.989443877084,533.2563111006873,13299.664724479324,12834.967114598674,0.30983934938126306,1939.05790612466,6096.797108336289,998.1795853870937,16284.359827280045,3019.046658075649,992.5523087060111,0.021641315892338753,585.9465972219194,14216.577140344192,2419.7890128634317,0.3406485915184021,1194.9526574055808,16323.187877522758,6933.037904044321,12393.27512173401,861.1661109924316,16629.927437525897,800.4830944446835,11061.723266833997,1222.739961835589,0.34211471529964527,3743.1159115890277,1930.3803172529765,4444.894051225325,0.33045735099653806,573.5317966059276,7522.344236709159,1911.3439372609,0.2003278547912698,4309.365012912816,0.3312275563851837,5299.6566014007785,9190.731427588304,0.34057858501927846,0.35155189349248617,15223.331276192237,-0.006133452523499727,13695.239598824399,2391.006298803329,0.010034538578588013,6003.153113892082,0.34613088238571016,958.8250568994794,7579.949278593097,0.2839330432383907,10950.496481030425,0.006423554383218288,2839.066609610465,0.31946157481597887,795.2939252132688,0.28748595187453857,8730.991672518092,1658.8340565075196,13051.760486601344,0.2855861032396183,1454.5292137459346,1678.3418688823158,1942.1006584856848,0.3550728848706165,0.31914339863536734,0.3564992609541811,0.32307239616389405,0.23129694276543794,1437.8067768467495,1898.8099568098612,1453.8049151186258,743.2030268492017,10589.116226925376,0.33782091345416704,2043.4063558368682,0.3269898679280934,0.22582519131349954,17620.752165519214,0.3864701944736003,1218.4142712992261,21
0.3343725078063076,0.20812161650022964,0.2551213015943521,0.3055328818535561,0.3967404973809191,2354.2481862822942,9133.520036667807,0.11553630977869034,0.3233191913893718,1719.989443877084,533.2563111006873,13167.09365094406,12635.72623843037,0.30983934938126306,1939.05790612466,6022.428098927351,991.5452505420956,17134.37324333191,3032.314274967607,991.7913065447127,0.015345326624810696,567.7688828084129,14216.577140344192,2402.5415889925275,0.3294964134693146,1194.9526574055808,16032.455407391966,6933.037904044321,12393.27512173401,849.9004533290863,16201.853199929024,783.828329381534,10793.151367391138,1220.339733817373,0.346278719194907,3743.1159115890277,1935.4404654100963,4342.9298225860375,0.3340041132291617,566.3682147095544,7469.021147594886,1908.6293737555911,0.21133007973873988,4384.230695199868,0.33595314798378867,5299.6566014007785,9137.137827131171,0.33774321980906963,0.35174144550087083,15223.331276192237,-0.003912749700248241,13459.561609073075,2391.006298803329,0.01014484938557716,5977.429420818416,0.34613088238571016,958.8250568994794,7519.797501330153,0.2890359821922594,10784.792735642484,0.00544675812125206,2960.9320679586795,0.3240324239374687,799.4058385290416,0.28867861760580693,8730.991672518092,1654.5125035153799,12823.277570012948,0.2855861032396183,1454.5292137459346,1679.7613746686661,1939.756410675185,0.3550728848706165,0.3184224815422671,0.359481401886475,0.3242079830740444,0.22698455104079548,1430.5972580622265,1899.5270146649227,1444.3144916007177,743.2030268492017,10589.116226925376,0.33782091345416704,2043.4063558368682,0.33137958321511213,0.24212689250933067,17620.752165519214,0.3865023127380294,1211.4616591540744,22
0.3343725078063076,0.21074675385850408,0.2551213015943521,0.3055328818535561,0.3941949227734088,2370.137221364975,9165.857816192365,0.12227819114923477,0.3233191913893718,1719.989443877084,533.2563111006873,13276.902907906995,12784.393872940173,0.30983934938126306,1939.05790612466,6112.65814108091,987.72262044675,18024.405824422836,3049.3322234515385,1001.1565671686445,0.018184518441557884,565.633548693793,14216.577140344192,2433.9091523742677,0.3242293894290924,1194.9526574055808,16310.062785210268,6933.037904044321,12393.27512173401,889.9236762523651,16493.35536645316,781.8123848946435,11002.235406888014,1220.5260651202884,0.3383412839227178,3743.1159115890277,1942.7782294692993,4431.212987177996,0.33454977059904323,574.0507128594261,7539.871710109623,1916.7220823396956,0.20070851372328113,4369.324364651664,0.3344537620093633,5299.6566014007785,9310.556682316002,0.33478303840132695,0.35064168802979845,15223.331276192237,-0.004203324671834707,13522.697158575284,2391.006298803329,0.010244487735003228,6086.021260313067,0.34613088238571016,958.8250568994794,7586.642661518098,0.2911261910458738,10911.945386497388,0.00658647483214736,2999.782887926984,0.3230683252929779,781.8235756376811,0.28081592274189293,8730.991672518092,1652.6883427324296,13000.671552037962,0.2855861032396183,1454.5292137459346,1681.3721329116822,1960.9074488916397,0.3550728848706165,0.3186398532946665,0.3551420174773891,0.32317864266542784,0.2447235364507968,1434.9168037430902,1902.5340491634095,1451.2560222748348,743.2030268492017,10589.116226925376,0.33782091345416704,2043.4063558368682,0.3274630232794784,0.2441544783590043,17620.752165519214,0.38102430041750734,1214.4351579600743,23
0.3343725078063076,0.2222712427877259,0.2551213015943521,0.3055328818535561,0.39495473348045756,2354.1698142893656,9069.514616880755,0.11507247388362885,0.3233191913893718,1719.989443877084,533.2563111006873,13137.288073358332,12606.976810003574,0.30983934938126306,1939.05790612466,6100.960650887626,986.0802717892783,18898.415671110153,3042.855358011802,1006.0734299135206,0.017269961535930634,556.7125675631931,14216.577140344192,2400.735471713475,0.33477234840393066,1194.9526574055808,16040.047351644658,6933.037904044321,12393.27512173401,873.8792672157288,16091.932279710278,775.0221768151692,10803.00142212775,1235.0417601361955,0.3478552146849351,3743.1159115890277,1946.2298069091528,4357.167563070854,0.3337982570070048,564.2328363058907,7451.228172364089,1914.5510710840224,0.21517980385470523,4373.948511357902,0.3310196494315717,5299.6566014007785,9142.036170081175,0.3336047115399341,0.3500437488582986,15223.331276192237,-0.0039141252636909485,13436.393041686011,2391.006298803329,0.010230475747111768,6053.487836959055,0.34613088238571016,958.8250568994794,7460.994715913195,0.29284144845093685,10792.22722670543,0.005529319867491722,3090.5437791082327,0.32135456466260137,788.1712381219862,0.2795042166179214,8730.991672518092,1653.2213342880523,12805.116686638403,0.2855861032396183,1454.5292137459346,1671.0007964119227,1939.1501199972972,0.3550728848706165,0.31125717092356175,0.3591269850270236,0.3270726910879288,0.23707087585571415,1443.2410207635332,1903.345475010191,1447.7716230925153,743.2030268492017,10589.116226925376,0.33782091345416704,2043.4063558368682,0.3286391571089748,0.2511774612926673,17620.752165519214,0.3872120374125294,1216.8687383454187,24
0.3343725078063076,0.2266014922117482,0.2551213015943521,0.3055328818535561,0.3918037976225005,2369.1047476745334,9064.184166521387,0.12912748754024506,0.3233191913893718,1719.989443877084,533.2563111006873,13245.88687669316,12696.072021150008,0.30983934938126306,1939.05790612466,6141.767099506379,980.1495297455107,19773.602536439896,3128.6092360251946,993.8199047993251,0.019454406574368477,552.6892552874428,14216.577140344192,2411.0834991485053,0.3307056725025177,1194.9526574055808,16136.834066528583,6933.037904044321,12393.27512173401,875.0791935920715,16362.011072629462,774.7291562298365,10925.290707774613,1212.9284473291125,0.3445062376389521,3743.1159115890277,1928.4870076913837,4577.564963033361,0.33100927569697836,569.6122285138539,7604.208541472123,1924.5735423669817,0.20524996890517863,4403.58380118781,0.3314037571006436,5299.6566014007785,9286.584353754402,0.3415204223413907,0.3507495382166036,15223.331276192237,-0.004214263986796141,13475.2213463043,2391.006298803329,0.010254988443848744,6083.088504600569,0.34613088238571016,958.8250568994794,7479.343721125683,0.29763761581972625,10793.963503582218,0.005485473200678825,3147.3872858948407,0.3270403269902882,780.5147348425728,0.2863856507988348,8730.991672518092,1659.2806155172077,13018.99976840803,0.2855861032396183,1454.5292137459346,1689.521061284201,1939.6371274779187,0.3550728848706165,0.3234008177884182,0.3557489736576691,0.3190808761521679,0.24597481326137158,1442.7450580442974,1901.4753294946124,1443.0840185771674,743.2030268492017,10589.116226925376,0.33782091345416704,2043.4063558368682,0.3305944770583561,0.25176089408532354,17620.752165519214,0.38759447308859507,1208.599465234484,25
0.3343725078063076,0.2160953114181057,0.2551213015943521,0.3055328818535561,0.3949148246791493,2353.1730822902405,9038.58364248208,0.11800964176654816,0.3233191913893718,1719.989443877084,533.2563111006873,13139.12494899137,12647.867221451786,0.30983934938126306,1939.05790612466,5983.586545886274,977.9793002778462,20643.80249595642,3038.6708654059926,1009.2125619038172,0.018004920333623886,560.936883605412,14216.577140344192,2419.415147834642,0.337165892124176,1194.9526574055808,15994.439907570995,6933.037904044321,12393.27512173401,870.0820317268372,16085.954806533051,777.420116518293,10822.235242708544,1217.5235609177178,0.342998385332806,3743.1159115890277,1922.0115532217023,4367.648913926653,0.3355422977184287,570.2791146118981,7481.032899992196,1917.081617622239,0.20644077708224057,4381.350657763715,0.33515233566439695,5299.6566014007785,9077.615016369584,0.3425405775288347,0.354072342592449,15223.331276192237,-0.003807550063356757,13450.83209414806,2391.006298803329,0.010286656297872702,6024.710360953697,0.34613088238571016,958.8250568994794,7401.962195537307,0.2987321432898588,10780.28417074962,0.00578001793473959,3093.389930083684,0.3302715573204474,789.6126525900705,0.27607985960107817,8730.991672518092,1648.8409755832129,12829.070337568295,0.2855861032396183,1454.5292137459346,1672.0715489630018,1943.070128226144,0.3550728848706165,0.3212825942502509,0.35932934284156337,0.3268186699665618,0.2366111959112816,1435.3689360990527,1889.6599775099073,1455.112379589217,743.2030268492017,10589.116226925376,0.33782091345416704,2043.4063558368682,0.3279559037557184,0.24901332496655526,17620.752165519214,0.385758060549409,1203.7892400877818,26
