approxkl,time_one_episode,0th energy cost ,time_step,0th greedy qoe,policy_loss,policy_entropy,clipfrac,mean reward,0th HEFT energy cost,0th run time cost ,0th HEFT run time cost,0th qoe ,0th greedy run time cost,0th HEFT qoe,time_elapsed,0th greedy energy cost,value_loss
2.626633405685425,44.87949204444885,6742.046593811036,1,0.0,0.14101587235927582,0.018508458510041237,0.9906133413314819,-0.12419737596247656,6460.546929762217,1053.4447802829743,905.3067227169673,0.0,1053.4447802829743,0.08760918985517252,44.879502058029175,6742.046593811036,0.13297489285469055
6.618939210056851e-07,30.872053623199463,6742.046593811036,2,0.0,4.342510237620445e-06,0.0005007797153666615,2.6666666599339806e-05,-2.341508764892945e-05,6460.546929762217,1053.4447802829743,905.3067227169673,0.0,1053.4447802829743,0.08760918985517252,76.36339211463928,6742.046593811036,0.012498960830271244
1.4175199680721562e-07,31.57480263710022,6742.046593811036,3,0.0,7.575785048175021e-07,0.0004056246834807098,0.0,-3.8099152671597912e-06,6460.546929762217,1053.4447802829743,905.3067227169673,0.0,1053.4447802829743,0.08760918985517252,108.03467726707458,6742.046593811036,0.0025265172589570284
6.109460173320258e-07,30.827115535736084,6742.046593811036,4,0.0,-2.580562522780383e-06,0.00028937539900653064,1.0000000656873453e-05,-7.33471318833937e-08,6460.546929762217,1053.4447802829743,905.3067227169673,0.0,1053.4447802829743,0.08760918985517252,138.97643852233887,6742.046593811036,0.0012321803951635957
5.936777824899764e-07,29.690911769866943,6742.046593811036,5,0.0,-2.8260276394576067e-06,0.0002381684462307021,1.3333333299669903e-05,1.3771792135841412e-06,6460.546929762217,1053.4447802829743,905.3067227169673,0.0,1053.4447802829743,0.08760918985517252,168.78238987922668,6742.046593811036,0.0011586338514462113
3.902636791508485e-08,30.26721477508545,6742.046593811036,6,0.0,-7.600387164075073e-08,0.00020766118541359901,0.0,6.247515023883043e-06,6460.546929762217,1053.4447802829743,905.3067227169673,0.0,1053.4447802829743,0.08760918985517252,199.17277193069458,6742.046593811036,0.0011093681678175926
7.946044178197553e-08,29.39995574951172,6742.046593811036,7,0.0,1.7513830385951223e-09,0.00024081009905785322,0.0,-6.585606626002827e-18,6460.546929762217,1053.4447802829743,905.3067227169673,0.0,1053.4447802829743,0.08760918985517252,228.69932985305786,6742.046593811036,0.0010737332049757242
5.508808044396574e-06,30.31856060028076,6742.046593811036,8,0.0,-8.337408871739171e-06,0.00014349304547067732,3.000000106112566e-05,-3.291025502700335e-05,6460.546929762217,1053.4447802829743,905.3067227169673,0.0,1053.4447802829743,0.08760918985517252,259.1353282928467,6742.046593811036,0.0010354917030781507
1.337859544037201e-06,30.087448596954346,6742.046593811036,9,0.0,-5.139202585269231e-06,0.0001627609017305076,1.0000000656873453e-05,1.0015267724713777e-05,6460.546929762217,1053.4447802829743,905.3067227169673,0.0,1053.4447802829743,0.08760918985517252,289.34539341926575,6742.046593811036,0.0010233507491648197
6.818917341888664e-08,29.584460020065308,6742.046593811036,10,0.0,1.3430914713730147e-10,0.00021642605133820325,0.0,-6.585606626002827e-18,6460.546929762217,1053.4447802829743,905.3067227169673,0.0,1053.4447802829743,0.08760918985517252,319.03599858283997,6742.046593811036,0.0011357124894857407
7.137145985325333e-07,28.801541090011597,6742.046593811036,11,0.0,-4.773139661296e-09,0.00029129203176125884,0.0,-6.585606626002827e-18,6460.546929762217,1053.4447802829743,905.3067227169673,0.0,1053.4447802829743,0.08760918985517252,347.9435045719147,6742.046593811036,0.0013066452229395509
2.3240886548592243e-06,29.450978994369507,6742.046593811036,12,0.0,-1.682187530605006e-06,0.00045424216659739614,1.0000000656873453e-05,2.645966937506201e-06,6460.546929762217,1053.4447802829743,905.3067227169673,0.0,1053.4447802829743,0.08760918985517252,377.50012254714966,6742.046593811036,0.0011100559495389462
3.072439358220436e-05,29.045812129974365,6742.046593811036,13,0.0,-6.448889962484827e-06,0.00021716419723816216,5.666667129844427e-05,-2.051777544222856e-05,6460.546929762217,1053.4447802829743,905.3067227169673,0.0,1053.4447802829743,0.08760918985517252,406.64308285713196,6742.046593811036,0.0014492894988507032
1.1331999303365592e-06,29.4248788356781,6742.046593811036,14,0.0,-4.291659024602268e-06,0.00012171221897006035,1.6666666851961054e-05,-1.5651059951926842e-05,6460.546929762217,1053.4447802829743,905.3067227169673,0.0,1053.4447802829743,0.08760918985517252,436.19085574150085,6742.046593811036,0.0010460972553119063
4.820185495191254e-07,29.050578355789185,6742.046593811036,15,0.0,-6.046376256563235e-06,0.0001094837934942916,1.0000000656873453e-05,-1.4673879481798274e-05,6460.546929762217,1053.4447802829743,905.3067227169673,0.0,1053.4447802829743,0.08760918985517252,465.35319471359253,6742.046593811036,0.0009977490408346057
5.825267521686328e-07,29.16963481903076,6742.046593811036,16,0.0,-8.216699320939824e-09,0.00015485678159166127,0.0,-6.585606626002827e-18,6460.546929762217,1053.4447802829743,905.3067227169673,0.0,1053.4447802829743,0.08760918985517252,494.6301872730255,6742.046593811036,0.002100298646837473
2.3122417758258962e-07,29.662182807922363,6742.046593811036,17,0.0,-5.957285331703588e-09,0.0002521481947042048,0.0,-6.585606626002827e-18,6460.546929762217,1053.4447802829743,905.3067227169673,0.0,1053.4447802829743,0.08760918985517252,524.4170742034912,6742.046593811036,0.0009724731789901853
1.5535333659499884e-05,29.183230876922607,6742.046593811036,18,0.0,-5.536285698326537e-06,0.0006351704942062497,1.9999999494757503e-05,3.3776597856076674e-06,6460.546929762217,1053.4447802829743,905.3067227169673,0.0,1053.4447802829743,0.08760918985517252,553.7231321334839,6742.046593811036,0.0009383982978761196
7.122101806089631e-07,29.0533230304718,6742.046593811036,19,0.0,-7.048749353089079e-07,0.0009309864835813642,3.3333333249174757e-06,1.0288219416001693e-05,6460.546929762217,1053.4447802829743,905.3067227169673,0.0,1053.4447802829743,0.08760918985517252,582.8859577178955,6742.046593811036,0.0008780698990449309
1.2056331797793973e-05,29.32048463821411,6742.046593811036,20,0.0,-1.0343263966205996e-05,0.0012068061623722315,6.333333294605836e-05,2.5984862448404343e-05,6460.546929762217,1053.4447802829743,905.3067227169673,0.0,1053.4447802829743,0.08760918985517252,612.3234746456146,6742.046593811036,0.0014673188561573625
7.771034688630607e-06,29.635271310806274,6742.046593811036,21,0.0,-5.901512395212194e-06,0.001499256701208651,8.66666596266441e-05,-5.3184624953326744e-05,6460.546929762217,1053.4447802829743,905.3067227169673,0.0,1053.4447802829743,0.08760918985517252,642.0734951496124,6742.046593811036,0.0009451761725358665
3.4135489840991795e-05,30.050201416015625,6742.046593811036,22,0.0,-3.7629620237566996e-06,0.0015098246512934566,0.00022000000171829015,-5.735840449439207e-05,6460.546929762217,1053.4447802829743,905.3067227169673,0.0,1053.4447802829743,0.08760918985517252,672.2273759841919,6742.046593811036,0.000833309895824641
0.00023137172684073448,29.863545656204224,6742.046593811036,23,0.0,0.00012306497956160456,0.0010430110851302743,0.00028333329828456044,-2.0457199733941318e-05,6460.546929762217,1053.4447802829743,905.3067227169673,0.0,1053.4447802829743,0.08760918985517252,702.207967042923,6742.046593811036,0.002464949619024992
1.4540144547936507e-05,29.605734825134277,6742.046593811036,24,0.0,-5.249033620202681e-06,0.00011559870472410694,2.6666666599339806e-05,-2.961789905072784e-05,6460.546929762217,1053.4447802829743,905.3067227169673,0.0,1053.4447802829743,0.08760918985517252,731.9238195419312,6742.046593811036,0.0012974769342690706
2.754952932448873e-10,29.7126727104187,6742.046593811036,25,0.0,-5.165735617040923e-10,3.393860242795199e-05,0.0,-6.585606626002827e-18,6460.546929762217,1053.4447802829743,905.3067227169673,0.0,1053.4447802829743,0.08760918985517252,761.746903181076,6742.046593811036,0.0009181739878840744
6.322771639588609e-08,29.77104139328003,6742.046593811036,26,0.0,-2.129013637386379e-06,2.9190676286816597e-05,1.0000000656873453e-05,-1.997740170304446e-05,6460.546929762217,1053.4447802829743,905.3067227169673,0.0,1053.4447802829743,0.08760918985517252,791.6476707458496,6742.046593811036,0.0008002800168469548
2.3176394137180978e-09,30.160889863967896,6742.046593811036,27,0.0,6.683666398110688e-10,2.6912810426438227e-05,0.0,-6.585606626002827e-18,6460.546929762217,1053.4447802829743,905.3067227169673,0.0,1053.4447802829743,0.08760918985517252,821.8783597946167,6742.046593811036,0.0007256008102558553
1.465164434222288e-09,29.917672395706177,6742.046593811036,28,0.0,5.234876976345504e-09,2.7209491236135364e-05,0.0,-6.585606626002827e-18,6460.546929762217,1053.4447802829743,905.3067227169673,0.0,1053.4447802829743,0.08760918985517252,851.8944826126099,6742.046593811036,0.0006687297718599439
4.407646514437147e-08,29.695637464523315,6742.046593811036,29,0.0,5.857148654975219e-10,3.126934825559147e-05,0.0,-6.585606626002827e-18,6460.546929762217,1053.4447802829743,905.3067227169673,0.0,1053.4447802829743,0.08760918985517252,881.6773154735565,6742.046593811036,0.0009202107903547585
1.97918437194744e-09,28.967624187469482,6742.046593811036,30,0.0,9.357929986464342e-10,3.9389222365571186e-05,0.0,-6.585606626002827e-18,6460.546929762217,1053.4447802829743,905.3067227169673,0.0,1053.4447802829743,0.08760918985517252,910.7382574081421,6742.046593811036,0.0006015165126882493
1.531371807139692e-09,28.94331383705139,6742.046593811036,31,0.0,1.842578534194672e-09,4.1033119487110525e-05,0.0,-6.585606626002827e-18,6460.546929762217,1053.4447802829743,905.3067227169673,0.0,1053.4447802829743,0.08760918985517252,939.7837946414948,6742.046593811036,0.0006843972369097173
9.796984556942334e-08,29.444108963012695,6742.046593811036,32,0.0,-6.8612875381290905e-09,4.999957309337333e-05,0.0,-6.585606626002827e-18,6460.546929762217,1053.4447802829743,905.3067227169673,0.0,1053.4447802829743,0.08760918985517252,969.3069136142731,6742.046593811036,0.0008545235032215714
4.511376161531189e-08,29.262439012527466,6742.046593811036,33,0.0,6.433330534960646e-10,5.5309988965746015e-05,0.0,-6.585606626002827e-18,6460.546929762217,1053.4447802829743,905.3067227169673,0.0,1053.4447802829743,0.08760918985517252,998.6644768714905,6742.046593811036,0.0009128934470936656
1.7385416413162602e-06,30.282628536224365,6742.046593811036,34,0.0,-3.4374072583887028e-06,0.00011785376409534365,1.0000000656873453e-05,1.3794688443495834e-05,6460.546929762217,1053.4447802829743,905.3067227169673,0.0,1053.4447802829743,0.08760918985517252,1029.041536808014,6742.046593811036,0.000671357789542526
2.8453641789383255e-06,30.03900647163391,6742.046593811036,35,0.0,-5.331503416527994e-06,8.170069486368448e-05,1.0000000656873453e-05,-1.6199393145003137e-05,6460.546929762217,1053.4447802829743,905.3067227169673,0.0,1053.4447802829743,0.08760918985517252,1059.1851422786713,6742.046593811036,0.0009922354947775602
3.1103820674616145e-06,29.306426763534546,6742.046593811036,36,0.0,-4.145065304328455e-06,0.00017783137445803732,1.0000000656873453e-05,1.13220427001069e-05,6460.546929762217,1053.4447802829743,905.3067227169673,0.0,1053.4447802829743,0.08760918985517252,1088.5962505340576,6742.046593811036,0.0005183768225833774
1.3335724702301377e-07,29.87365961074829,6742.046593811036,37,0.0,9.924372434966244e-09,0.00023932680778671056,0.0,-6.585606626002827e-18,6460.546929762217,1053.4447802829743,905.3067227169673,0.0,1053.4447802829743,0.08760918985517252,1118.5751802921295,6742.046593811036,0.0004862784408032894
1.3457007298711687e-05,30.20888614654541,6742.046593811036,38,0.0,-1.1895116358573432e-06,0.0005706390948034823,1.9999999494757503e-05,-5.652135867859689e-06,6460.546929762217,1053.4447802829743,905.3067227169673,0.0,1053.4447802829743,0.08760918985517252,1148.894874572754,6742.046593811036,0.0008393431780859828
9.407745892531238e-06,29.867078065872192,6742.046593811036,39,0.0,1.1239083505643066e-05,0.00048806160339154303,7.333332905545831e-05,-4.085877319940374e-05,6460.546929762217,1053.4447802829743,905.3067227169673,0.0,1053.4447802829743,0.08760918985517252,1178.892715215683,6742.046593811036,0.0004741708398796618
2.3948463422129862e-05,29.828014135360718,6742.046593811036,40,0.0,-1.5901146980468184e-05,0.00014971998461987823,2.3333332137553953e-05,-4.2588782335103295e-05,6460.546929762217,1053.4447802829743,905.3067227169673,0.0,1053.4447802829743,0.08760918985517252,1208.8236954212189,6742.046593811036,0.0004774267436005175
3.3371162544426625e-07,29.192742109298706,6742.046593811036,41,0.0,3.029902773121762e-09,9.771074110176414e-05,0.0,-6.585606626002827e-18,6460.546929762217,1053.4447802829743,905.3067227169673,0.0,1053.4447802829743,0.08760918985517252,1238.127883195877,6742.046593811036,0.0007837493903934956
2.566384296187607e-07,30.00388526916504,6742.046593811036,42,0.0,-1.6930099988599068e-08,0.00016014573338907212,0.0,-6.585606626002827e-18,6460.546929762217,1053.4447802829743,905.3067227169673,0.0,1053.4447802829743,0.08760918985517252,1268.2337801456451,6742.046593811036,0.0005215135170146823
1.4562011529051233e-05,29.71444272994995,6742.046593811036,43,0.0,-4.1170728763972875e-06,0.00045947180478833616,1.0000000656873453e-05,3.710969723366484e-06,6460.546929762217,1053.4447802829743,905.3067227169673,0.0,1053.4447802829743,0.08760918985517252,1298.041374206543,6742.046593811036,0.00043669561273418367
8.511745363648515e-06,29.14597201347351,6742.046593811036,44,0.0,1.0156627467949875e-05,0.0006904255715198815,6.666666740784422e-05,-1.1513202475694539e-06,6460.546929762217,1053.4447802829743,905.3067227169673,0.0,1053.4447802829743,0.08760918985517252,1327.3049471378326,6742.046593811036,0.00040866172639653087
7.660853952984326e-06,28.957359552383423,6742.046593811036,45,0.0,1.7519927268949687e-06,0.0011599714634940028,1.3333333299669903e-05,-2.81821738333026e-06,6460.546929762217,1053.4447802829743,905.3067227169673,0.0,1053.4447802829743,0.08760918985517252,1356.3786323070526,6742.046593811036,0.0011012147879227996
0.00010650187323335558,28.46806788444519,6742.046593811036,46,0.0,2.3490281819249503e-05,0.0008654793491587043,0.00012333333143033087,-4.0532749309025686e-05,6460.546929762217,1053.4447802829743,905.3067227169673,0.0,1053.4447802829743,0.08760918985517252,1384.9912486076355,6742.046593811036,0.00044919090578332543
1.5759855159558356e-05,29.27975296974182,6740.834528941245,47,0.0,-6.393545390892541e-06,0.0012060001026839018,5.333333319867961e-05,2.4587941416508273e-05,6460.546929762217,1052.6206201267241,905.3067227169673,0.0005598260002970281,1053.4447802829743,0.08760918985517252,1414.3915622234344,6742.046593811036,0.00040627550333738327
0.00031043848139233887,29.14994788169861,6742.046593811036,48,0.0,1.4431809177040122e-05,0.00013112209853716195,0.00010333332465961576,-6.85630136153311e-05,6460.546929762217,1053.4447802829743,905.3067227169673,0.0,1053.4447802829743,0.08760918985517252,1443.6765384674072,6742.046593811036,0.0009384987060911953
9.87295152299339e-07,28.765146255493164,6742.046593811036,49,0.0,-1.1100371288819133e-08,7.985645061125979e-05,0.0,-6.585606626002827e-18,6460.546929762217,1053.4447802829743,905.3067227169673,0.0,1053.4447802829743,0.08760918985517252,1472.5591082572937,6742.046593811036,0.0004959849757142365
3.74021276172698e-08,28.983447551727295,6742.046593811036,50,0.0,1.4119544644586313e-08,0.00010459691111464053,0.0,-6.585606626002827e-18,6460.546929762217,1053.4447802829743,905.3067227169673,0.0,1053.4447802829743,0.08760918985517252,1501.6486461162567,6742.046593811036,0.00040078250458464026
1.1798675814134185e-07,29.195120334625244,6742.046593811036,51,0.0,-5.13496331677743e-07,9.685714030638337e-05,6.666666649834951e-06,-5.749330468893855e-06,6460.546929762217,1053.4447802829743,905.3067227169673,0.0,1053.4447802829743,0.08760918985517252,1530.9679505825043,6742.046593811036,0.00037658194196410477
1.090815317184024e-06,29.477256059646606,6742.046593811036,52,0.0,-2.0387019503687043e-06,0.00014060831745155156,1.0000000656873453e-05,4.260634338817295e-06,6460.546929762217,1053.4447802829743,905.3067227169673,0.0,1053.4447802829743,0.08760918985517252,1560.5641338825226,6742.046593811036,0.00034989751293323934
1.5439827905083803e-07,29.862283945083618,6742.046593811036,53,0.0,1.054406162381838e-08,0.00018479311256669462,0.0,-6.585606626002827e-18,6460.546929762217,1053.4447802829743,905.3067227169673,0.0,1053.4447802829743,0.08760918985517252,1590.5548493862152,6742.046593811036,0.0006460509612224996
2.376592055952642e-05,29.374211072921753,6742.046593811036,54,0.0,-5.217922080191784e-06,0.0006602835492230952,2.3333332137553953e-05,1.2467671838573446e-05,6460.546929762217,1053.4447802829743,905.3067227169673,0.0,1053.4447802829743,0.08760918985517252,1620.0455000400543,6742.046593811036,0.0005162017769180238
2.8034949082211824e-06,29.254830360412598,6742.046593811036,55,0.0,-3.812544719039579e-06,0.0010379363084211946,1.6666666851961054e-05,-1.1868239630347163e-05,6460.546929762217,1053.4447802829743,905.3067227169673,0.0,1053.4447802829743,0.08760918985517252,1649.4227302074432,6742.046593811036,0.0003945025091525167
6.361432497214992e-06,29.18718671798706,6742.046593811036,56,0.0,3.628092315466347e-07,0.0010521083604544401,2.6666666599339806e-05,1.6878462141474926e-05,6460.546929762217,1053.4447802829743,905.3067227169673,0.0,1053.4447802829743,0.08760918985517252,1678.741059064865,6742.046593811036,0.00039395428029820323
0.0001685853349044919,29.81783103942871,6742.046593811036,57,0.0,3.649245627457276e-05,0.00045038008829578757,9.666666301200166e-05,-5.688889307157655e-05,6460.546929762217,1053.4447802829743,905.3067227169673,0.0,1053.4447802829743,0.08760918985517252,1708.6951179504395,6742.046593811036,0.001285640406422317
1.5185754591584555e-06,29.928982734680176,6742.046593811036,58,0.0,-1.3336202187019808e-07,0.00022340352006722242,0.0,-6.585606626002827e-18,6460.546929762217,1053.4447802829743,905.3067227169673,0.0,1053.4447802829743,0.08760918985517252,1738.7459297180176,6742.046593811036,0.00045091830543242395
0.0004054919700138271,29.609704732894897,6730.609569636688,59,0.0,-1.2184723345853854e-05,0.003639333648607135,1.9999999494757503e-05,1.4811952298087042e-05,6460.546929762217,1054.9966276168823,905.3067227169673,0.0005314575456612142,1053.4447802829743,0.08760918985517252,1768.479071855545,6742.046593811036,0.00043170881690457463
0.03007412888109684,28.69608759880066,6742.046593811036,60,0.0,0.003039452014490962,0.003315254347398877,0.004840000066906214,-0.0003585419231735322,6460.546929762217,1053.4447802829743,905.3067227169673,0.0,1053.4447802829743,0.08760918985517252,1797.2594754695892,6742.046593811036,0.000969923916272819
3.3192267778758833e-07,30.5734121799469,6742.046593811036,61,0.0,-9.165038136416115e-06,7.0461983341374435e-06,1.0000000656873453e-05,-1.969128031764473e-05,6460.546929762217,1053.4447802829743,905.3067227169673,0.0,1053.4447802829743,0.08760918985517252,1827.960073709488,6742.046593811036,0.0003756945370696485
8.564430831192738e-10,29.988714933395386,6742.046593811036,62,0.0,-2.221266504065511e-10,4.644566161005059e-06,0.0,-6.585606626002827e-18,6460.546929762217,1053.4447802829743,905.3067227169673,0.0,1053.4447802829743,0.08760918985517252,1858.0662922859192,6742.046593811036,0.0003416786785237491
2.376182806074212e-08,29.5779025554657,6742.046593811036,63,0.0,-7.871787666147156e-10,5.861105819349177e-06,0.0,-6.585606626002827e-18,6460.546929762217,1053.4447802829743,905.3067227169673,0.0,1053.4447802829743,0.08760918985517252,1887.7463870048523,6742.046593811036,0.0006623793160542846
2.1626538337926604e-09,29.3358097076416,6742.046593811036,64,0.0,-5.530118141194862e-09,8.940749467001297e-06,0.0,-6.585606626002827e-18,6460.546929762217,1053.4447802829743,905.3067227169673,0.0,1053.4447802829743,0.08760918985517252,1917.191861629486,6742.046593811036,0.0003493518743198365
9.785420390651112e-11,29.9155011177063,6742.046593811036,65,0.0,1.4559429217797515e-09,8.84381643118104e-06,0.0,-6.585606626002827e-18,6460.546929762217,1053.4447802829743,905.3067227169673,0.0,1053.4447802829743,0.08760918985517252,1947.2420465946198,6742.046593811036,0.0003018868446815759
1.6671493352493627e-10,30.399483919143677,6742.046593811036,66,0.0,7.239976396178349e-10,8.926804184739012e-06,0.0,-6.585606626002827e-18,6460.546929762217,1053.4447802829743,905.3067227169673,0.0,1053.4447802829743,0.08760918985517252,1977.78662443161,6742.046593811036,0.00029219771386124194
2.637679052952535e-08,29.962766647338867,6742.046593811036,67,0.0,-3.911654111732332e-09,1.0171735993935727e-05,0.0,-6.585606626002827e-18,6460.546929762217,1053.4447802829743,905.3067227169673,0.0,1053.4447802829743,0.08760918985517252,2007.8538856506348,6742.046593811036,0.0007169747841544449
1.5879773940241648e-08,30.667991638183594,6742.046593811036,68,0.0,9.198983796920857e-10,2.0633380700019188e-05,0.0,-6.585606626002827e-18,6460.546929762217,1053.4447802829743,905.3067227169673,0.0,1053.4447802829743,0.08760918985517252,2038.6526889801025,6742.046593811036,0.000391096284147352
6.9148375914096505e-09,28.937001943588257,6742.046593811036,69,0.0,-3.372033319237744e-09,1.9313065422466025e-05,0.0,-6.585606626002827e-18,6460.546929762217,1053.4447802829743,905.3067227169673,0.0,1053.4447802829743,0.08760918985517252,2067.7095651626587,6742.046593811036,0.00029292036197148263
9.98930715923052e-09,29.52303910255432,6742.046593811036,70,0.0,1.442432484566325e-08,2.0942379705957137e-05,0.0,-6.585606626002827e-18,6460.546929762217,1053.4447802829743,905.3067227169673,0.0,1053.4447802829743,0.08760918985517252,2097.330598115921,6742.046593811036,0.00027715033502317965
1.9046511035014646e-09,29.188021183013916,6742.046593811036,71,0.0,-5.4295856699582146e-09,2.1143552658031695e-05,0.0,-6.585606626002827e-18,6460.546929762217,1053.4447802829743,905.3067227169673,0.0,1053.4447802829743,0.08760918985517252,2126.6482462882996,6742.046593811036,0.0002688574604690075
3.59840224284369e-09,28.85137128829956,6742.046593811036,72,0.0,-4.5279660021435575e-09,1.9932302166125737e-05,0.0,-6.585606626002827e-18,6460.546929762217,1053.4447802829743,905.3067227169673,0.0,1053.4447802829743,0.08760918985517252,2155.6178860664368,6742.046593811036,0.000295642064884305
1.110355185574008e-08,29.74586033821106,6742.046593811036,73,0.0,-1.964250984087812e-08,2.0492943804129027e-05,0.0,-6.585606626002827e-18,6460.546929762217,1053.4447802829743,905.3067227169673,0.0,1053.4447802829743,0.08760918985517252,2185.482818365097,6742.046593811036,0.0003703064867295325
1.8552876213107083e-07,30.140121698379517,6742.046593811036,74,0.0,2.338409643698469e-08,3.00534247799078e-05,0.0,-6.585606626002827e-18,6460.546929762217,1053.4447802829743,905.3067227169673,0.0,1053.4447802829743,0.08760918985517252,2215.7291719913483,6742.046593811036,0.0006479180883616209
2.3305194929434947e-07,29.810375452041626,6742.046593811036,75,0.0,-5.0170417154049574e-08,2.4559281882829964e-05,0.0,-6.585606626002827e-18,6460.546929762217,1053.4447802829743,905.3067227169673,0.0,1053.4447802829743,0.08760918985517252,2245.6423490047455,6742.046593811036,0.00037505809450522065
9.633961326471763e-07,29.600792407989502,6742.046593811036,76,0.0,5.504688260771218e-08,4.7614823415642604e-05,0.0,-6.585606626002827e-18,6460.546929762217,1053.4447802829743,905.3067227169673,0.0,1053.4447802829743,0.08760918985517252,2275.3625490665436,6742.046593811036,0.0009393139043822885
4.24622328409896e-08,29.070493698120117,6742.046593811036,77,0.0,-1.4702479234074417e-08,9.529318776912987e-05,0.0,-6.585606626002827e-18,6460.546929762217,1053.4447802829743,905.3067227169673,0.0,1053.4447802829743,0.08760918985517252,2304.5463511943817,6742.046593811036,0.0003084195195697248
1.2265442819625605e-05,29.375654220581055,6742.046593811036,78,0.0,-9.859437341219746e-06,0.0003188432310707867,2.3333332137553953e-05,1.342193373227521e-05,6460.546929762217,1053.4447802829743,905.3067227169673,0.0,1053.4447802829743,0.08760918985517252,2334.0536160469055,6742.046593811036,0.0002719508484005928
0.00015268979768734425,29.44199562072754,6742.046593811036,79,0.0,3.9922007999848574e-05,0.000154208522872068,7.333333633141592e-05,-4.8208039961872546e-05,6460.546929762217,1053.4447802829743,905.3067227169673,0.0,1053.4447802829743,0.08760918985517252,2363.6129653453827,6742.046593811036,0.01011230144649744
6.945951554371277e-06,29.948583602905273,6742.046593811036,80,0.0,-6.6802881519834045e-06,0.0007024820079095662,3.3333337341900915e-05,1.992434065850532e-06,6460.546929762217,1053.4447802829743,905.3067227169673,0.0,1053.4447802829743,0.08760918985517252,2393.662835597992,6742.046593811036,0.0009951021056622267
1.9029073882848024e-05,30.55246877670288,6742.046593811036,81,0.0,-1.3134677828929853e-05,0.000273181009106338,1.9999999494757503e-05,-3.7264094203154176e-05,6460.546929762217,1053.4447802829743,905.3067227169673,0.0,1053.4447802829743,0.08760918985517252,2424.350038051605,6742.046593811036,0.0008341972716152668
5.62724267183512e-07,30.698742866516113,6742.046593811036,82,0.0,-3.0424894248426426e-06,0.00012223163503222167,1.0000000656873453e-05,-1.2079301279209306e-05,6460.546929762217,1053.4447802829743,905.3067227169673,0.0,1053.4447802829743,0.08760918985517252,2455.1512401103973,6742.046593811036,0.000641556573100388
3.1217424201201993e-09,29.682405948638916,6742.046593811036,83,0.0,-1.3224084050023066e-08,0.00010297903645550832,0.0,-6.585606626002827e-18,6460.546929762217,1053.4447802829743,905.3067227169673,0.0,1053.4447802829743,0.08760918985517252,2484.9506068229675,6742.046593811036,0.0005347981350496411
1.8401740362605779e-06,29.658698797225952,6742.046593811036,84,0.0,-3.902786374965217e-06,7.065196405164897e-05,1.6666666851961054e-05,-1.3937969053616485e-05,6460.546929762217,1053.4447802829743,905.3067227169673,0.0,1053.4447802829743,0.08760918985517252,2514.7312104701996,6742.046593811036,0.0004498667549341917
7.558738275292853e-07,29.362714290618896,6742.046593811036,85,0.0,-2.4754404748250636e-08,0.0001325707562500611,0.0,-6.585606626002827e-18,6460.546929762217,1053.4447802829743,905.3067227169673,0.0,1053.4447802829743,0.08760918985517252,2544.2369022369385,6742.046593811036,0.00039164250483736396
4.466056324758938e-08,29.0154287815094,6742.046593811036,86,0.0,-1.3448794966564037e-08,0.00016088785196188837,0.0,-6.585606626002827e-18,6460.546929762217,1053.4447802829743,905.3067227169673,0.0,1053.4447802829743,0.08760918985517252,2573.3904547691345,6742.046593811036,0.0003636180772446096
1.8919528883998282e-05,28.67334747314453,6742.046593811036,87,0.0,-6.4497226048843e-06,0.0005109909689053893,1.0000000656873453e-05,1.0735626727834304e-05,6460.546929762217,1053.4447802829743,905.3067227169673,0.0,1053.4447802829743,0.08760918985517252,2602.184597969055,6742.046593811036,0.00040388284833170474
3.480910527287051e-05,28.902903079986572,6742.046593811036,88,0.0,-3.7009118614150793e-07,0.0003864798345603049,5.666667129844427e-05,-2.4099630053747247e-05,6460.546929762217,1053.4447802829743,905.3067227169673,0.0,1053.4447802829743,0.08760918985517252,2631.225001335144,6742.046593811036,0.0003398799162823707
3.637416739366017e-05,30.435620546340942,6742.046593811036,89,0.0,-7.3993118121507e-07,0.0001847251842264086,1.3333333299669903e-05,-1.885596475977755e-05,6460.546929762217,1053.4447802829743,905.3067227169673,0.0,1053.4447802829743,0.08760918985517252,2661.7815260887146,6742.046593811036,0.0003723727713804692
4.129756092652315e-09,29.681036949157715,6742.046593811036,90,0.0,-1.0347366297125404e-09,3.7117824831511825e-05,0.0,-6.585606626002827e-18,6460.546929762217,1053.4447802829743,905.3067227169673,0.0,1053.4447802829743,0.08760918985517252,2691.5871279239655,6742.046593811036,0.0003275339549873024
5.5020836953190155e-06,29.612017393112183,6742.046593811036,91,0.0,-1.3710678103961982e-05,8.986728971649427e-06,1.9999999494757503e-05,-2.2645783373323418e-05,6460.546929762217,1053.4447802829743,905.3067227169673,0.0,1053.4447802829743,0.08760918985517252,2721.330612182617,6742.046593811036,0.0006614794838242233
6.065896229756618e-09,29.253296375274658,6742.046593811036,92,0.0,-4.126231800682945e-09,2.0211316495988285e-06,0.0,-6.585606626002827e-18,6460.546929762217,1053.4447802829743,905.3067227169673,0.0,1053.4447802829743,0.08760918985517252,2750.7045154571533,6742.046593811036,0.00038308935472741723
-3.766639777857961e-10,29.494070529937744,6742.046593811036,93,0.0,-3.5667422348950595e-09,2.190033455917728e-06,0.0,-6.585606626002827e-18,6460.546929762217,1053.4447802829743,905.3067227169673,0.0,1053.4447802829743,0.08760918985517252,2780.3124175071716,6742.046593811036,0.0003068388323299587
4.0335054740658904e-10,28.030040502548218,6742.046593811036,94,0.0,-1.0172526015983507e-10,2.152476326955366e-06,0.0,-6.585606626002827e-18,6460.546929762217,1053.4447802829743,905.3067227169673,0.0,1053.4447802829743,0.08760918985517252,2808.4653310775757,6742.046593811036,0.0002829556178767234
-2.6054562153599026e-12,29.6663761138916,6742.046593811036,95,0.0,5.276999948122807e-10,2.1109603949298616e-06,0.0,-6.585606626002827e-18,6460.546929762217,1053.4447802829743,905.3067227169673,0.0,1053.4447802829743,0.08760918985517252,2838.256204366684,6742.046593811036,0.00026656873524188995
7.159473014439754e-11,32.41979193687439,6742.046593811036,96,0.0,-3.337859766361362e-09,2.1037944861745927e-06,0.0,-6.585606626002827e-18,6460.546929762217,1053.4447802829743,905.3067227169673,0.0,1053.4447802829743,0.08760918985517252,2870.803336620331,6742.046593811036,0.00025763202575035393
-1.0171841147155192e-10,35.698670387268066,6742.046593811036,97,0.0,-1.907348931573516e-11,2.0790650978597114e-06,0.0,-6.585606626002827e-18,6460.546929762217,1053.4447802829743,905.3067227169673,0.0,1053.4447802829743,0.08760918985517252,2906.6500980854034,6742.046593811036,0.00025043354253284633
7.125151163522858e-11,35.69227981567383,6742.046593811036,98,0.0,4.48862547131057e-09,2.060075075860368e-06,0.0,-6.585606626002827e-18,6460.546929762217,1053.4447802829743,905.3067227169673,0.0,1053.4447802829743,0.08760918985517252,2942.4496977329254,6742.046593811036,0.00024382150149904191
6.836609056648513e-11,32.91167426109314,6742.046593811036,99,0.0,-1.424153350804147e-09,2.037613285210682e-06,0.0,-6.585606626002827e-18,6460.546929762217,1053.4447802829743,905.3067227169673,0.0,1053.4447802829743,0.08760918985517252,2975.4472649097443,6742.046593811036,0.00023763286299072206
1.7389398948575163e-11,30.655112266540527,6742.046593811036,100,0.0,2.9373181664738013e-09,2.0154175217612647e-06,0.0,-6.585606626002827e-18,6460.546929762217,1053.4447802829743,905.3067227169673,0.0,1053.4447802829743,0.08760918985517252,3006.2187600135803,6742.046593811036,0.00023810923448763788
4.258018937441932e-10,30.936126232147217,6742.046593811036,101,0.0,7.076261798744099e-09,2.206263388870866e-06,0.0,-6.585606626002827e-18,6460.546929762217,1053.4447802829743,905.3067227169673,0.0,1053.4447802829743,0.08760918985517252,3037.273945569992,6742.046593811036,0.0003211848088540137
3.1772801056817457e-10,30.229563236236572,6742.046593811036,102,0.0,6.103518246369788e-10,2.31584522225603e-06,0.0,-6.585606626002827e-18,6460.546929762217,1053.4447802829743,905.3067227169673,0.0,1053.4447802829743,0.08760918985517252,3067.6116530895233,6742.046593811036,0.00024816731456667185
-1.8145858426965589e-10,29.817718744277954,6742.046593811036,103,0.0,4.221599514409036e-09,2.335734961889102e-06,0.0,-6.585606626002827e-18,6460.546929762217,1053.4447802829743,905.3067227169673,0.0,1053.4447802829743,0.08760918985517252,3097.569086790085,6742.046593811036,0.00022744314628653228
7.06160498999131e-13,29.843966007232666,6742.046593811036,104,0.0,-1.0770159875050922e-08,2.3946008695929777e-06,0.0,-6.585606626002827e-18,6460.546929762217,1053.4447802829743,905.3067227169673,0.0,1053.4447802829743,0.08760918985517252,3127.5283992290497,6742.046593811036,0.0002698332245927304
6.199445817811622e-11,30.385003566741943,6742.046593811036,105,0.0,1.0786059156941974e-08,2.452175522194011e-06,0.0,-6.585606626002827e-18,6460.546929762217,1053.4447802829743,905.3067227169673,0.0,1053.4447802829743,0.08760918985517252,3158.016392469406,6742.046593811036,0.00021497269335668534
1.3835923518001891e-09,29.60720729827881,6742.046593811036,106,0.0,7.954438885349191e-09,2.7026703719457146e-06,0.0,-6.585606626002827e-18,6460.546929762217,1053.4447802829743,905.3067227169673,0.0,1053.4447802829743,0.08760918985517252,3187.729233980179,6742.046593811036,0.0003592167340684682
-2.6150753784648373e-10,29.97192144393921,6742.046593811036,107,0.0,9.600318762181814e-09,3.20509570883587e-06,0.0,-6.585606626002827e-18,6460.546929762217,1053.4447802829743,905.3067227169673,0.0,1053.4447802829743,0.08760918985517252,3217.808672428131,6742.046593811036,0.00021524382464122027
-1.9342796808707874e-10,30.123749494552612,6742.046593811036,108,0.0,3.013609584101573e-09,3.1528936688118847e-06,0.0,-6.585606626002827e-18,6460.546929762217,1053.4447802829743,905.3067227169673,0.0,1053.4447802829743,0.08760918985517252,3248.0580451488495,6742.046593811036,0.0002119838318321854
1.567485724551787e-10,30.312293529510498,6742.046593811036,109,0.0,1.3173417023892853e-08,3.088922312599607e-06,0.0,-6.585606626002827e-18,6460.546929762217,1053.4447802829743,905.3067227169673,0.0,1053.4447802829743,0.08760918985517252,3278.473855495453,6742.046593811036,0.0002033240452874452
3.5353759919587446e-09,33.751924991607666,6742.046593811036,110,0.0,-1.748402866930121e-09,3.4509957913542166e-06,0.0,-6.585606626002827e-18,6460.546929762217,1053.4447802829743,905.3067227169673,0.0,1053.4447802829743,0.08760918985517252,3312.3390958309174,6742.046593811036,0.0004120547673664987
2.963405631994931e-10,39.4938280582428,6742.046593811036,111,0.0,-7.298786464104978e-09,4.8664114729035646e-06,0.0,-6.585606626002827e-18,6460.546929762217,1053.4447802829743,905.3067227169673,0.0,1053.4447802829743,0.08760918985517252,3351.95250749588,6742.046593811036,0.0002262034686282277
5.834444594121635e-10,47.770063400268555,6742.046593811036,112,0.0,-1.3987225822020832e-09,4.950829406880075e-06,0.0,-6.585606626002827e-18,6460.546929762217,1053.4447802829743,905.3067227169673,0.0,1053.4447802829743,0.08760918985517252,3399.8665211200714,6742.046593811036,0.0002167143829865381
5.241229672492409e-10,47.23239827156067,6742.046593811036,113,0.0,-5.613168596596552e-09,4.685794465331128e-06,0.0,-6.585606626002827e-18,6460.546929762217,1053.4447802829743,905.3067227169673,0.0,1053.4447802829743,0.08760918985517252,3447.260243654251,6742.046593811036,0.0002074628573609516
1.188990850220506e-10,47.213868141174316,6742.046593811036,114,0.0,-2.924600783771325e-09,4.569806606014026e-06,0.0,-6.585606626002827e-18,6460.546929762217,1053.4447802829743,905.3067227169673,0.0,1053.4447802829743,0.08760918985517252,3494.6082906723022,6742.046593811036,0.0001936338230734691
8.989598510034114e-10,46.52310752868652,6742.046593811036,115,0.0,-2.1839143826696272e-09,4.667425855586771e-06,0.0,-6.585606626002827e-18,6460.546929762217,1053.4447802829743,905.3067227169673,0.0,1053.4447802829743,0.08760918985517252,3541.2718918323517,6742.046593811036,0.0003060972085222602
1.351473044586271e-09,46.36851787567139,6742.046593811036,116,0.0,-1.3573963064672512e-09,6.016676252329489e-06,0.0,-6.585606626002827e-18,6460.546929762217,1053.4447802829743,905.3067227169673,0.0,1053.4447802829743,0.08760918985517252,3587.7902553081512,6742.046593811036,0.00022221011749934405
4.180287782595826e-10,47.354782819747925,6742.046593811036,117,0.0,-6.173452415936254e-09,6.017037776473444e-06,0.0,-6.585606626002827e-18,6460.546929762217,1053.4447802829743,905.3067227169673,0.0,1053.4447802829743,0.08760918985517252,3635.263285636902,6742.046593811036,0.00018602862837724388
-1.456505333008451e-10,47.67900252342224,6742.046593811036,118,0.0,1.0045371645617251e-08,5.9504991440917365e-06,0.0,-6.585606626002827e-18,6460.546929762217,1053.4447802829743,905.3067227169673,0.0,1053.4447802829743,0.08760918985517252,3683.0910761356354,6742.046593811036,0.00018318598449695855
2.4472801563035773e-09,49.86216950416565,6742.046593811036,119,0.0,7.944901625478451e-09,6.304378075583372e-06,0.0,-6.585606626002827e-18,6460.546929762217,1053.4447802829743,905.3067227169673,0.0,1053.4447802829743,0.08760918985517252,3733.1054854393005,6742.046593811036,0.0002576250699348748
7.448442904123276e-12,47.67791199684143,6742.046593811036,120,0.0,-3.347396582142892e-09,6.8623057813965715e-06,0.0,-6.585606626002827e-18,6460.546929762217,1053.4447802829743,905.3067227169673,0.0,1053.4447802829743,0.08760918985517252,3780.93172287941,6742.046593811036,0.00018162731430493295
5.069636932475419e-10,47.87923049926758,6742.046593811036,121,0.0,6.86884060741022e-09,6.942539584997576e-06,0.0,-6.585606626002827e-18,6460.546929762217,1053.4447802829743,905.3067227169673,0.0,1053.4447802829743,0.08760918985517252,3828.960674762726,6742.046593811036,0.0002799358917400241
2.7550648429297553e-09,47.133341789245605,6742.046593811036,122,0.0,-8.780160598576003e-09,8.978161531558726e-06,0.0,-6.585606626002827e-18,6460.546929762217,1053.4447802829743,905.3067227169673,0.0,1053.4447802829743,0.08760918985517252,3876.2386014461517,6742.046593811036,0.00020806441898457706
1.5703273126277395e-09,46.98297715187073,6742.046593811036,123,0.0,3.871122533638527e-09,9.506689821137115e-06,0.0,-6.585606626002827e-18,6460.546929762217,1053.4447802829743,905.3067227169673,0.0,1053.4447802829743,0.08760918985517252,3923.3710119724274,6742.046593811036,0.00021208380348980427
1.6887128362341741e-09,51.88477396965027,6742.046593811036,124,0.0,-4.7985708739872734e-09,9.23404331842903e-06,0.0,-6.585606626002827e-18,6460.546929762217,1053.4447802829743,905.3067227169673,0.0,1053.4447802829743,0.08760918985517252,3975.3939175605774,6742.046593811036,0.00020219452562741935
6.825816001310159e-08,49.67925810813904,6742.046593811036,125,0.0,3.5293901134991756e-09,1.2688315109699033e-05,0.0,-6.585606626002827e-18,6460.546929762217,1053.4447802829743,905.3067227169673,0.0,1053.4447802829743,0.08760918985517252,4025.2182018756866,6742.046593811036,0.000559456180781126
1.0539531469788699e-09,49.388033390045166,6742.046593811036,126,0.0,1.1942780986373691e-08,1.6386724382755347e-05,0.0,-6.585606626002827e-18,6460.546929762217,1053.4447802829743,905.3067227169673,0.0,1053.4447802829743,0.08760918985517252,4074.742060661316,6742.046593811036,0.00021477956033777446
6.796602863845536e-11,47.022719383239746,6742.046593811036,127,0.0,1.2906393731526578e-09,1.5593133866786957e-05,0.0,-6.585606626002827e-18,6460.546929762217,1053.4447802829743,905.3067227169673,0.0,1053.4447802829743,0.08760918985517252,4121.913820028305,6742.046593811036,0.0001838934695115313
3.108831803100287e-10,47.81580901145935,6742.046593811036,128,0.0,9.452898908079987e-09,1.5353976777987555e-05,0.0,-6.585606626002827e-18,6460.546929762217,1053.4447802829743,905.3067227169673,0.0,1053.4447802829743,0.08760918985517252,4169.875757217407,6742.046593811036,0.00017350436246488243
-1.8564898229822546e-10,48.943156242370605,6742.046593811036,129,0.0,7.057190831716298e-09,1.546991006762255e-05,0.0,-6.585606626002827e-18,6460.546929762217,1053.4447802829743,905.3067227169673,0.0,1053.4447802829743,0.08760918985517252,4218.9542915821075,6742.046593811036,0.00016755783872213215
4.058207991874951e-09,50.85383415222168,6742.046593811036,130,0.0,3.1300384506494083e-09,1.6301188225043006e-05,0.0,-6.585606626002827e-18,6460.546929762217,1053.4447802829743,905.3067227169673,0.0,1053.4447802829743,0.08760918985517252,4269.959669351578,6742.046593811036,0.00023339237668551505
1.1812735234428828e-09,48.08543395996094,6742.046593811036,131,0.0,-4.98215424471482e-09,1.899651215353515e-05,0.0,-6.585606626002827e-18,6460.546929762217,1053.4447802829743,905.3067227169673,0.0,1053.4447802829743,0.08760918985517252,4318.188545703888,6742.046593811036,0.00017472897889092565
-1.1727202542388682e-10,49.34515619277954,6742.046593811036,132,0.0,-5.594887886317679e-10,1.963871363841463e-05,0.0,-6.585606626002827e-18,6460.546929762217,1053.4447802829743,905.3067227169673,0.0,1053.4447802829743,0.08760918985517252,4367.6785542964935,6742.046593811036,0.00016181147657334805
2.303137591752602e-08,36.73322415351868,6742.046593811036,133,0.0,5.718866269432965e-09,2.2638980226474814e-05,0.0,-6.585606626002827e-18,6460.546929762217,1053.4447802829743,905.3067227169673,0.0,1053.4447802829743,0.08760918985517252,4404.537501335144,6742.046593811036,0.0002534441591706127
6.401249530441078e-10,34.90100860595703,6742.046593811036,134,0.0,7.019044012679387e-09,2.6157780666835606e-05,0.0,-6.585606626002827e-18,6460.546929762217,1053.4447802829743,905.3067227169673,0.0,1053.4447802829743,0.08760918985517252,4439.548814535141,6742.046593811036,0.0001590894826222211
8.98111474079144e-10,35.320061683654785,6742.046593811036,135,0.0,-4.2915525300113444e-11,2.6840836653718725e-05,0.0,-6.585606626002827e-18,6460.546929762217,1053.4447802829743,905.3067227169673,0.0,1053.4447802829743,0.08760918985517252,4475.008917570114,6742.046593811036,0.00016986830451060086
1.1321072079795158e-08,32.38399410247803,6742.046593811036,136,0.0,5.4152802242413145e-09,3.0454510124400258e-05,0.0,-6.585606626002827e-18,6460.546929762217,1053.4447802829743,905.3067227169673,0.0,1053.4447802829743,0.08760918985517252,4507.526500225067,6742.046593811036,0.00018727406859397888
3.6770502198635313e-09,29.76596236228943,6742.046593811036,137,0.0,2.3547810368285127e-09,3.3717700716806576e-05,0.0,-6.585606626002827e-18,6460.546929762217,1053.4447802829743,905.3067227169673,0.0,1053.4447802829743,0.08760918985517252,4537.418823003769,6742.046593811036,0.00018328217265661806
2.85875358940757e-08,29.882558584213257,6742.046593811036,138,0.0,-4.907448336588516e-10,3.9204627682920545e-05,0.0,-6.585606626002827e-18,6460.546929762217,1053.4447802829743,905.3067227169673,0.0,1053.4447802829743,0.08760918985517252,4567.410696744919,6742.046593811036,0.00021257025946397334
1.4688575911137036e-09,29.68247413635254,6742.046593811036,139,0.0,9.069442974407593e-09,4.3642459786497056e-05,0.0,-6.585606626002827e-18,6460.546929762217,1053.4447802829743,905.3067227169673,0.0,1053.4447802829743,0.08760918985517252,4597.209878206253,6742.046593811036,0.00015318082296289504
5.752509579792786e-08,29.627764225006104,6742.046593811036,140,0.0,1.1795361132271864e-08,5.116604006616399e-05,0.0,-6.585606626002827e-18,6460.546929762217,1053.4447802829743,905.3067227169673,0.0,1053.4447802829743,0.08760918985517252,4626.940942525864,6742.046593811036,0.00023320021864492446
8.76367156621427e-09,29.732256174087524,6742.046593811036,141,0.0,-5.253154022888396e-10,5.8745539718074724e-05,0.0,-6.585606626002827e-18,6460.546929762217,1053.4447802829743,905.3067227169673,0.0,1053.4447802829743,0.08760918985517252,4656.788048505783,6742.046593811036,0.0001473631418775767
2.5132129266580705e-08,30.369755268096924,6742.046593811036,142,0.0,2.293547218812364e-08,6.592334102606401e-05,0.0,-6.585606626002827e-18,6460.546929762217,1053.4447802829743,905.3067227169673,0.0,1053.4447802829743,0.08760918985517252,4687.280591726303,6742.046593811036,0.00019277127285022289
3.248136181355221e-06,30.570983409881592,6742.046593811036,143,0.0,4.99494899486308e-06,7.593729242216796e-05,1.0000000656873453e-05,-1.0560318241974267e-05,6460.546929762217,1053.4447802829743,905.3067227169673,0.0,1053.4447802829743,0.08760918985517252,4717.956767082214,6742.046593811036,0.002570910844951868
4.864914444624446e-07,30.667819023132324,6742.046593811036,144,0.0,-9.620479431760032e-06,0.00014040141832083464,2.6666666599339806e-05,-2.352615934344306e-05,6460.546929762217,1053.4447802829743,905.3067227169673,0.0,1053.4447802829743,0.08760918985517252,4748.742518424988,6742.046593811036,0.0006648724665865302
1.3941146789875347e-05,32.51657295227051,6742.046593811036,145,0.0,-4.981016900273971e-06,0.0004191214102320373,1.0000000656873453e-05,1.0457021175829006e-05,6460.546929762217,1053.4447802829743,905.3067227169673,0.0,1053.4447802829743,0.08760918985517252,4781.369012832642,6742.046593811036,0.00034642734681256115
6.959759048186243e-06,33.2497935295105,6742.046593811036,146,0.0,1.341965798928868e-05,0.0007083927048370242,2.6666666599339806e-05,-1.9118444156816683e-06,6460.546929762217,1053.4447802829743,905.3067227169673,0.0,1053.4447802829743,0.08760918985517252,4814.753268957138,6742.046593811036,0.00028225401183590293
3.775796722038649e-05,36.4415717124939,6742.046593811036,147,0.0,-5.434336344478652e-06,0.00012849534687120467,1.0000000656873453e-05,-2.028620827469425e-05,6460.546929762217,1053.4447802829743,905.3067227169673,0.0,1053.4447802829743,0.08760918985517252,4851.318722724915,6742.046593811036,0.00024586307699792087
5.842113296239404e-06,43.65150690078735,6742.046593811036,148,0.0,-4.524391897575697e-06,0.0001866614184109494,1.0000000656873453e-05,1.283624584247492e-05,6460.546929762217,1053.4447802829743,905.3067227169673,0.0,1053.4447802829743,0.08760918985517252,4895.100274562836,6742.046593811036,0.0002242601476609707
0.0002732721040956676,50.239405155181885,6733.538109845022,149,0.0,-1.6184390915441327e-05,0.0026114354841411114,1.0000000656873453e-05,6.599885477848849e-06,6460.546929762217,1054.234154472351,905.3067227169673,3.774545698333784e-05,1053.4447802829743,0.08760918985517252,4945.504863739014,6742.046593811036,0.00021693934104405344
0.06383611261844635,48.511921644210815,6742.046593811036,150,0.0,0.00278498069383204,0.0024889514315873384,0.004309999756515026,-0.0001979109159896945,6460.546929762217,1053.4447802829743,905.3067227169673,0.0,1053.4447802829743,0.08760918985517252,4994.159697055817,6742.046593811036,0.0026692452374845743
-2.6887814197351645e-10,48.5295090675354,6742.046593811036,151,0.0,-1.2715658526119e-09,1.8576972848904916e-08,0.0,-6.585606626002827e-18,6460.546929762217,1053.4447802829743,905.3067227169673,0.0,1053.4447802829743,0.08760918985517252,5042.831854104996,6742.046593811036,0.0005049934843555093
6.811802510942044e-11,46.93557095527649,6742.046593811036,152,0.0,-8.757913505519355e-09,2.1371700853478615e-08,0.0,-6.585606626002827e-18,6460.546929762217,1053.4447802829743,905.3067227169673,0.0,1053.4447802829743,0.08760918985517252,5089.919164180756,6742.046593811036,0.0003582645149435848
5.6052284341800984e-11,48.08026099205017,6742.046593811036,153,0.0,9.997683569906712e-09,1.9174049015191486e-08,0.0,-6.585606626002827e-18,6460.546929762217,1053.4447802829743,905.3067227169673,0.0,1053.4447802829743,0.08760918985517252,5138.143699645996,6742.046593811036,0.0002940631238743663
5.0422201136601785e-11,48.88071155548096,6742.046593811036,154,0.0,4.069009129636925e-09,1.759638834641919e-08,0.0,-6.585606626002827e-18,6460.546929762217,1053.4447802829743,905.3067227169673,0.0,1053.4447802829743,0.08760918985517252,5187.204126119614,6742.046593811036,0.0002624597982503474
3.0833467723478947e-11,49.45206141471863,6742.046593811036,155,0.0,-6.135306485077763e-09,1.6346300313330175e-08,0.0,-6.585606626002827e-18,6460.546929762217,1053.4447802829743,905.3067227169673,0.0,1053.4447802829743,0.08760918985517252,5236.802049160004,6742.046593811036,0.0002472433552611619
2.343875961374753e-11,47.98147511482239,6742.046593811036,156,0.0,2.861022085909326e-09,1.5418885723761377e-08,0.0,-6.585606626002827e-18,6460.546929762217,1053.4447802829743,905.3067227169673,0.0,1053.4447802829743,0.08760918985517252,5284.934336185455,6742.046593811036,0.00023493410844821483
1.6706185046455602e-11,47.83979249000549,6742.046593811036,157,0.0,6.357826765057695e-11,1.4745578091890366e-08,0.0,-6.585606626002827e-18,6460.546929762217,1053.4447802829743,905.3067227169673,0.0,1053.4447802829743,0.08760918985517252,5332.908981800079,6742.046593811036,0.00022386261844076216
1.2693422701826051e-11,47.78498935699463,6742.046593811036,158,0.0,-2.988179925722534e-09,1.4259095237889596e-08,0.0,-6.585606626002827e-18,6460.546929762217,1053.4447802829743,905.3067227169673,0.0,1053.4447802829743,0.08760918985517252,5380.820437431335,6742.046593811036,0.0002143805322702974
6.9808486248545965e-12,46.489497900009155,6742.046593811036,159,0.0,1.7166141841329363e-09,1.39573916868585e-08,0.0,-6.585606626002827e-18,6460.546929762217,1053.4447802829743,905.3067227169673,0.0,1053.4447802829743,0.08760918985517252,5427.460729598999,6742.046593811036,0.00020567793399095535
5.1843399365147924e-12,49.07366132736206,6742.046593811036,160,0.0,9.123483302175828e-09,1.3754775984864409e-08,0.0,-6.585606626002827e-18,6460.546929762217,1053.4447802829743,905.3067227169673,0.0,1053.4447802829743,0.08760918985517252,5476.678023815155,6742.046593811036,0.00019807966600637883
3.472438048907067e-12,49.905396938323975,6742.046593811036,161,0.0,4.76837014318221e-10,1.3619823491239913e-08,0.0,-6.585606626002827e-18,6460.546929762217,1053.4447802829743,905.3067227169673,0.0,1053.4447802829743,0.08760918985517252,5526.7185645103455,6742.046593811036,0.0001910496794153005
1.7508219266743064e-12,49.82324171066284,6742.046593811036,162,0.0,8.010860419460641e-09,1.3552612365685945e-08,0.0,-6.585606626002827e-18,6460.546929762217,1053.4447802829743,905.3067227169673,0.0,1053.4447802829743,0.08760918985517252,5576.690068483353,6742.046593811036,0.0001846573723014444
-6.740496355517323e-11,53.18886756896973,6742.046593811036,163,0.0,6.135306485077763e-09,1.5044010481801706e-08,0.0,-6.585606626002827e-18,6460.546929762217,1053.4447802829743,905.3067227169673,0.0,1053.4447802829743,0.08760918985517252,5630.010901451111,6742.046593811036,0.00038967205910012126
-5.661545537938295e-11,48.698322057724,6742.046593811036,164,0.0,-4.418693411167851e-09,1.9802246953304348e-08,0.0,-6.585606626002827e-18,6460.546929762217,1053.4447802829743,905.3067227169673,0.0,1053.4447802829743,0.08760918985517252,5678.885669231415,6742.046593811036,0.00019830258679576218
-1.6816225061749845e-12,52.94955492019653,6742.046593811036,165,0.0,1.1889141227072741e-08,2.0647835441423013e-08,0.0,-6.585606626002827e-18,6460.546929762217,1053.4447802829743,905.3067227169673,0.0,1053.4447802829743,0.08760918985517252,5732.018742799759,6742.046593811036,0.00017790755373425782
-2.7726401903571674e-12,52.004305362701416,6742.046593811036,166,0.0,4.641212747458212e-09,2.0571299330640613e-08,0.0,-6.585606626002827e-18,6460.546929762217,1053.4447802829743,905.3067227169673,0.0,1053.4447802829743,0.08760918985517252,5784.18221282959,6742.046593811036,0.00017018643848132342
1.6127845586799694e-11,49.21606159210205,6742.046593811036,167,0.0,1.3033554235875044e-09,2.033750234886611e-08,0.0,-6.585606626002827e-18,6460.546929762217,1053.4447802829743,905.3067227169673,0.0,1053.4447802829743,0.08760918985517252,5833.545569419861,6742.046593811036,0.00016512323054485023
3.766289309505705e-13,49.65026378631592,6742.046593811036,168,0.0,-2.606710847175009e-09,2.0215761509234653e-08,0.0,-6.585606626002827e-18,6460.546929762217,1053.4447802829743,905.3067227169673,0.0,1053.4447802829743,0.08760918985517252,5883.331744194031,6742.046593811036,0.0001599529932718724
-4.141881629338151e-11,44.72572374343872,6742.046593811036,169,0.0,-2.352396055727013e-09,2.1116244752761304e-08,0.0,-6.585606626002827e-18,6460.546929762217,1053.4447802829743,905.3067227169673,0.0,1053.4447802829743,0.08760918985517252,5928.229070663452,6742.046593811036,0.0002056662051472813
-2.9325021577708554e-11,35.967384815216064,6742.046593811036,170,0.0,-1.4050802299436782e-08,2.2726947435103284e-08,0.0,-6.585606626002827e-18,6460.546929762217,1053.4447802829743,905.3067227169673,0.0,1053.4447802829743,0.08760918985517252,5964.322975873947,6742.046593811036,0.0001658609980950132
-3.005310236781078e-11,35.506208658218384,6742.046593811036,171,0.0,-5.245211376347925e-09,2.3582051866810616e-08,0.0,-6.585606626002827e-18,6460.546929762217,1053.4447802829743,905.3067227169673,0.0,1053.4447802829743,0.08760918985517252,5999.95942234993,6742.046593811036,0.0001711998920654878
-3.6459644331410246e-11,33.21791696548462,6742.046593811036,172,0.0,1.3669338994048985e-09,2.4872605308701168e-08,0.0,-6.585606626002827e-18,6460.546929762217,1053.4447802829743,905.3067227169673,0.0,1053.4447802829743,0.08760918985517252,6033.293681383133,6742.046593811036,0.0002993577509187162
-1.812973382531169e-10,30.992614030838013,6742.046593811036,173,0.0,-4.514059348537103e-09,3.5286767285924725e-08,0.0,-6.585606626002827e-18,6460.546929762217,1053.4447802829743,905.3067227169673,0.0,1053.4447802829743,0.08760918985517252,6064.420763969421,6742.046593811036,0.00019009652896784246
2.9731345423805733e-12,30.74195170402527,6742.046593811036,174,0.0,-4.943213394170698e-09,3.735084774802999e-08,0.0,-6.585606626002827e-18,6460.546929762217,1053.4447802829743,905.3067227169673,0.0,1053.4447802829743,0.08760918985517252,6095.281003713608,6742.046593811036,0.00014719695900566876
-8.238869655952108e-12,30.477020502090454,6742.046593811036,175,0.0,7.629392229091536e-09,3.743755172536112e-08,0.0,-6.585606626002827e-18,6460.546929762217,1053.4447802829743,905.3067227169673,0.0,1053.4447802829743,0.08760918985517252,6125.870115041733,6742.046593811036,0.0001441370404791087
2.3703186982637625e-11,30.246938467025757,6742.046593811036,176,0.0,-1.5831000510502236e-08,3.6903482936168075e-08,0.0,-6.585606626002827e-18,6460.546929762217,1053.4447802829743,905.3067227169673,0.0,1053.4447802829743,0.08760918985517252,6156.202201128006,6742.046593811036,0.00014006480341777205
-1.579251313055252e-11,30.343164443969727,6742.046593811036,177,0.0,-6.039934108414968e-10,3.7172299016674515e-08,0.0,-6.585606626002827e-18,6460.546929762217,1053.4447802829743,905.3067227169673,0.0,1053.4447802829743,0.08760918985517252,6186.650729417801,6742.046593811036,0.00021647410176228732
-2.372727014865461e-10,31.77525782585144,6742.046593811036,178,0.0,1.589457315764875e-10,4.6130328001936505e-08,0.0,-6.585606626002827e-18,6460.546929762217,1053.4447802829743,905.3067227169673,0.0,1053.4447802829743,0.08760918985517252,6218.532304286957,6742.046593811036,0.00016504367522429675
-3.8429696924691115e-11,32.98208403587341,6742.046593811036,179,0.0,-9.85463488589744e-10,4.9015774550298374e-08,0.0,-6.585606626002827e-18,6460.546929762217,1053.4447802829743,905.3067227169673,0.0,1053.4447802829743,0.08760918985517252,6251.624324798584,6742.046593811036,0.00013595061318483204
1.6000766683843537e-11,32.055673360824585,6742.046593811036,180,0.0,-1.1761980278635065e-09,4.8817419440183585e-08,0.0,-6.585606626002827e-18,6460.546929762217,1053.4447802829743,905.3067227169673,0.0,1053.4447802829743,0.08760918985517252,6283.790025472641,6742.046593811036,0.00013426956138573587
-2.239077118160182e-10,32.17700147628784,6742.046593811036,181,0.0,-1.080831202315835e-09,5.3246271392026756e-08,0.0,-6.585606626002827e-18,6460.546929762217,1053.4447802829743,905.3067227169673,0.0,1053.4447802829743,0.08760918985517252,6316.0746104717255,6742.046593811036,0.00026636224356479943
-2.146242766842832e-10,30.483843564987183,6742.046593811036,182,0.0,-2.2315983727594357e-08,7.189048290001665e-08,0.0,-6.585606626002827e-18,6460.546929762217,1053.4447802829743,905.3067227169673,0.0,1053.4447802829743,0.08760918985517252,6346.6642191410065,6742.046593811036,0.0001465656969230622
1.9837262041355608e-11,32.834437131881714,6742.046593811036,183,0.0,-6.739298008540118e-09,7.183648165209888e-08,0.0,-6.585606626002827e-18,6460.546929762217,1053.4447802829743,905.3067227169673,0.0,1053.4447802829743,0.08760918985517252,6379.622396945953,6742.046593811036,0.00014580557763110846
1.0306441464158489e-11,40.61102771759033,6742.046593811036,184,0.0,-1.9232426762272326e-09,7.185788319929998e-08,0.0,-6.585606626002827e-18,6460.546929762217,1053.4447802829743,905.3067227169673,0.0,1053.4447802829743,0.08760918985517252,6420.343996286392,6742.046593811036,0.00013331706577446312
1.5204139336422173e-10,52.12769818305969,6742.046593811036,185,0.0,-4.132588160565831e-10,6.864965484965069e-08,0.0,-6.585606626002827e-18,6460.546929762217,1053.4447802829743,905.3067227169673,0.0,1053.4447802829743,0.08760918985517252,6472.618447542191,6742.046593811036,0.0001599352981429547
-5.006318692934997e-10,49.49233102798462,6742.046593811036,186,0.0,-6.4849841052705415e-09,8.013439867227135e-08,0.0,-6.585606626002827e-18,6460.546929762217,1053.4447802829743,905.3067227169673,0.0,1053.4447802829743,0.08760918985517252,6522.257599115372,6742.046593811036,0.00018406854360364377
-4.583400325941511e-10,49.88755917549133,6742.046593811036,187,0.0,1.0188417221002055e-08,9.594443639571182e-08,0.0,-6.585606626002827e-18,6460.546929762217,1053.4447802829743,905.3067227169673,0.0,1053.4447802829743,0.08760918985517252,6572.291842222214,6742.046593811036,0.00020549367764033377
-2.5068164558050832e-11,47.468077659606934,6742.046593811036,188,0.0,2.861022085909326e-09,1.0008766082592047e-07,0.0,-6.585606626002827e-18,6460.546929762217,1053.4447802829743,905.3067227169673,0.0,1053.4447802829743,0.08760918985517252,6619.899658918381,6742.046593811036,0.00014559878036379814
1.5568210609551159e-10,46.007012367248535,6742.046593811036,189,0.0,5.245211376347925e-09,9.80901617708696e-08,0.0,-6.585606626002827e-18,6460.546929762217,1053.4447802829743,905.3067227169673,0.0,1053.4447802829743,0.08760918985517252,6666.063126564026,6742.046593811036,0.00017660661251284182
2.1288229859472985e-11,48.48143482208252,6742.046593811036,190,0.0,-6.357826765057695e-11,1.0227964963860359e-07,0.0,-6.585606626002827e-18,6460.546929762217,1053.4447802829743,905.3067227169673,0.0,1053.4447802829743,0.08760918985517252,6714.690350532532,6742.046593811036,0.00013975394540466368
-1.0251317572596008e-09,49.558775186538696,6742.046593811036,191,0.0,4.76837014318221e-10,1.2171435059826763e-07,0.0,-6.585606626002827e-18,6460.546929762217,1053.4447802829743,905.3067227169673,0.0,1053.4447802829743,0.08760918985517252,6764.393602132797,6742.046593811036,0.0002211641549365595
7.044653749233021e-11,47.27524518966675,6742.046593811036,192,0.0,4.625320570994518e-09,1.358725540967498e-07,0.0,-6.585606626002827e-18,6460.546929762217,1053.4447802829743,905.3067227169673,0.0,1053.4447802829743,0.08760918985517252,6811.805564165115,6742.046593811036,0.00012285418051760644
7.131449597519435e-11,47.98433446884155,6742.046593811036,193,0.0,-5.594887664273074e-09,1.3237598750492907e-07,0.0,-6.585606626002827e-18,6460.546929762217,1053.4447802829743,905.3067227169673,0.0,1053.4447802829743,0.08760918985517252,6859.940386772156,6742.046593811036,0.0001213953219121322
-1.1374284847320837e-09,47.51318049430847,6742.046593811036,194,0.0,5.26110088827636e-09,1.5369907657714066e-07,0.0,-6.585606626002827e-18,6460.546929762217,1053.4447802829743,905.3067227169673,0.0,1053.4447802829743,0.08760918985517252,6907.580214977264,6742.046593811036,0.00022242928389459848
2.192150211355326e-10,48.52096104621887,6742.046593811036,195,0.0,-2.511342467315103e-09,1.8013665226135345e-07,0.0,-6.585606626002827e-18,6460.546929762217,1053.4447802829743,905.3067227169673,0.0,1053.4447802829743,0.08760918985517252,6956.243314266205,6742.046593811036,0.0001243784063262865
1.355912465639264e-10,49.33886361122131,6742.046593811036,196,0.0,8.64664961852668e-09,1.7308168764884613e-07,0.0,-6.585606626002827e-18,6460.546929762217,1053.4447802829743,905.3067227169673,0.0,1053.4447802829743,0.08760918985517252,7005.75030708313,6742.046593811036,0.00011940672993659973
2.2585262826613217e-10,49.629613161087036,6742.046593811036,197,0.0,-5.435946803800107e-09,1.6909187650071544e-07,0.0,-6.585606626002827e-18,6460.546929762217,1053.4447802829743,905.3067227169673,0.0,1053.4447802829743,0.08760918985517252,7055.529547691345,6742.046593811036,0.0001295601687161252
-4.046615820207933e-10,47.820274353027344,6742.046593811036,198,0.0,-3.306070528452665e-09,1.7969159671338275e-07,0.0,-6.585606626002827e-18,6460.546929762217,1053.4447802829743,905.3067227169673,0.0,1053.4447802829743,0.08760918985517252,7103.498992681503,6742.046593811036,0.00018593415734358132
-2.964808953898057e-10,48.79497408866882,6742.046593811036,199,0.0,-3.649394120230909e-09,2.2090428331011935e-07,0.0,-6.585606626002827e-18,6460.546929762217,1053.4447802829743,905.3067227169673,0.0,1053.4447802829743,0.08760918985517252,7152.453277349472,6742.046593811036,0.0001279591815546155
-8.905320925123306e-11,45.66464948654175,6742.046593811036,200,0.0,2.0217889584728255e-09,2.173329249899325e-07,0.0,-6.585606626002827e-18,6460.546929762217,1053.4447802829743,905.3067227169673,0.0,1053.4447802829743,0.08760918985517252,7198.255216360092,6742.046593811036,0.0001426062372047454
-1.2602360266456003e-09,47.88472008705139,6742.046593811036,201,0.0,-2.9436733051113606e-09,2.6565106736597954e-07,0.0,-6.585606626002827e-18,6460.546929762217,1053.4447802829743,905.3067227169673,0.0,1053.4447802829743,0.08760918985517252,7246.274877071381,6742.046593811036,0.00021531425591092557
1.8037427107486792e-10,48.56882286071777,6742.046593811036,202,0.0,3.2424946061482274e-10,2.991237408878078e-07,0.0,-6.585606626002827e-18,6460.546929762217,1053.4447802829743,905.3067227169673,0.0,1053.4447802829743,0.08760918985517252,7294.9868676662445,6742.046593811036,0.00011908433225471526
2.9303481863252046e-10,48.8981831073761,6742.046593811036,203,0.0,-5.92549787015173e-09,2.7866573759638413e-07,0.0,-6.585606626002827e-18,6460.546929762217,1053.4447802829743,905.3067227169673,0.0,1053.4447802829743,0.08760918985517252,7344.0451917648315,6742.046593811036,0.00012120329483877867
3.6518774670923904e-09,47.41663718223572,6742.046593811036,204,0.0,-1.7229716542388473e-09,3.485875197384303e-07,0.0,-6.585606626002827e-18,6460.546929762217,1053.4447802829743,905.3067227169673,0.0,1053.4447802829743,0.08760918985517252,7391.601109743118,6742.046593811036,0.00023216039699036628
-1.227262846903443e-09,46.070454597473145,6742.046593811036,205,0.0,-9.536741396587445e-10,4.2114930920433835e-07,0.0,-6.585606626002827e-18,6460.546929762217,1053.4447802829743,905.3067227169673,0.0,1053.4447802829743,0.08760918985517252,7437.855359315872,6742.046593811036,0.00012667392729781568
-1.5772023687077308e-09,37.62462592124939,6742.046593811036,206,0.0,-2.110799091070703e-09,3.715619811828219e-07,0.0,-6.585606626002827e-18,6460.546929762217,1053.4447802829743,905.3067227169673,0.0,1053.4447802829743,0.08760918985517252,7475.601473808289,6742.046593811036,0.00011951507622143254
4.820278620698559e-10,33.7237331867218,6742.046593811036,207,0.0,-2.4668362907931396e-09,3.751562758225191e-07,0.0,-6.585606626002827e-18,6460.546929762217,1053.4447802829743,905.3067227169673,0.0,1053.4447802829743,0.08760918985517252,7509.44376540184,6742.046593811036,0.00012322698603384197
1.0184250109901427e-09,34.805198431015015,6742.046593811036,208,0.0,-2.447763547408499e-09,3.917530193575658e-07,0.0,-6.585606626002827e-18,6460.546929762217,1053.4447802829743,905.3067227169673,0.0,1053.4447802829743,0.08760918985517252,7544.3801691532135,6742.046593811036,0.00011767398245865479
6.489570214540663e-09,33.485471963882446,6742.046593811036,209,0.0,-1.2944539662385068e-08,5.15829015057534e-07,0.0,-6.585606626002827e-18,6460.546929762217,1053.4447802829743,905.3067227169673,0.0,1053.4447802829743,0.08760918985517252,7578.0079073905945,6742.046593811036,0.00022520562924910337
-4.677362386296124e-10,31.506314277648926,6742.046593811036,210,0.0,2.0662935806825544e-09,6.291608087849454e-07,0.0,-6.585606626002827e-18,6460.546929762217,1053.4447802829743,905.3067227169673,0.0,1053.4447802829743,0.08760918985517252,7609.6284692287445,6742.046593811036,0.00011240706953685731
6.885418624147377e-11,31.686487197875977,6742.046593811036,211,0.0,-6.319682999134102e-09,5.926232233832707e-07,0.0,-6.585606626002827e-18,6460.546929762217,1053.4447802829743,905.3067227169673,0.0,1053.4447802829743,0.08760918985517252,7641.419797420502,6742.046593811036,0.00010825416393345222
-1.0133781591648017e-09,30.968353748321533,6742.046593811036,212,0.0,-4.549025600653067e-09,5.566259915212868e-07,0.0,-6.585606626002827e-18,6460.546929762217,1053.4447802829743,905.3067227169673,0.0,1053.4447802829743,0.08760918985517252,7672.492118597031,6742.046593811036,0.00010898107575485483
2.807738708199281e-09,30.93470597267151,6742.046593811036,213,0.0,1.3802846865473839e-08,6.520608053506294e-07,0.0,-6.585606626002827e-18,6460.546929762217,1053.4447802829743,905.3067227169673,0.0,1053.4447802829743,0.08760918985517252,7703.5187356472015,6742.046593811036,0.00023953046184033155
-5.445229267486695e-10,31.202569007873535,6742.046593811036,214,0.0,8.608497026330042e-09,1.007605987979332e-06,0.0,-6.585606626002827e-18,6460.546929762217,1053.4447802829743,905.3067227169673,0.0,1053.4447802829743,0.08760918985517252,7734.808937549591,6742.046593811036,0.00012264626275282353
1.5203500680627258e-09,30.96425700187683,6742.046593811036,215,0.0,-8.538561857562854e-09,8.584811439504847e-07,0.0,-6.585606626002827e-18,6460.546929762217,1053.4447802829743,905.3067227169673,0.0,1053.4447802829743,0.08760918985517252,7765.875522375107,6742.046593811036,0.00011906868166988716
1.2608265542723984e-09,30.80619764328003,6742.046593811036,216,0.0,-2.791086917142138e-09,7.779785846651066e-07,0.0,-6.585606626002827e-18,6460.546929762217,1053.4447802829743,905.3067227169673,0.0,1053.4447802829743,0.08760918985517252,7796.78925037384,6742.046593811036,0.00012456542754080147
-1.7324824908016012e-10,30.151910305023193,6742.046593811036,217,0.0,7.457732209559254e-09,7.638306556145835e-07,0.0,-6.585606626002827e-18,6460.546929762217,1053.4447802829743,905.3067227169673,0.0,1053.4447802829743,0.08760918985517252,7827.06675696373,6742.046593811036,0.00014053330232854933
4.784506679733624e-10,30.560760259628296,6742.046593811036,218,0.0,-8.144380281294161e-09,7.950763460939925e-07,0.0,-6.585606626002827e-18,6460.546929762217,1053.4447802829743,905.3067227169673,0.0,1053.4447802829743,0.08760918985517252,7857.75471496582,6742.046593811036,0.0001443802029825747
-3.253821101445453e-10,30.211395740509033,6742.046593811036,219,0.0,7.565816417809401e-09,9.502603575128887e-07,0.0,-6.585606626002827e-18,6460.546929762217,1053.4447802829743,905.3067227169673,0.0,1053.4447802829743,0.08760918985517252,7888.1025178432465,6742.046593811036,0.00017333688447251916
9.372056464229672e-10,36.80316090583801,6742.046593811036,220,0.0,-3.023147288061523e-09,9.735483672557166e-07,0.0,-6.585606626002827e-18,6460.546929762217,1053.4447802829743,905.3067227169673,0.0,1053.4447802829743,0.08760918985517252,7925.0074961185455,6742.046593811036,0.00013246592425275594
1.595799048459412e-10,40.577115535736084,6742.046593811036,221,0.0,-3.5921735030974844e-10,8.953566066338681e-07,0.0,-6.585606626002827e-18,6460.546929762217,1053.4447802829743,905.3067227169673,0.0,1053.4447802829743,0.08760918985517252,7965.724658727646,6742.046593811036,0.00015191861893981695
1.0472959999230369e-10,47.74055290222168,6742.046593811036,222,0.0,-1.14123033245761e-09,9.988782494474435e-07,0.0,-6.585606626002827e-18,6460.546929762217,1053.4447802829743,905.3067227169673,0.0,1053.4447802829743,0.08760918985517252,8013.643823623657,6742.046593811036,0.00012250829604454339
3.1325946281413053e-09,46.859188079833984,6742.046593811036,223,0.0,1.4591217123438582e-09,1.2295965916564455e-06,0.0,-6.585606626002827e-18,6460.546929762217,1053.4447802829743,905.3067227169673,0.0,1053.4447802829743,0.08760918985517252,8060.639527320862,6742.046593811036,0.00027644523652270436
1.2729809428790873e-09,47.999038219451904,6742.046593811036,224,0.0,6.2306724224470145e-09,1.8977241325046634e-06,0.0,-6.585606626002827e-18,6460.546929762217,1053.4447802829743,905.3067227169673,0.0,1053.4447802829743,0.08760918985517252,8108.7862985134125,6742.046593811036,0.00012611346028279513
4.6160758548907665e-10,47.18911409378052,6742.046593811036,225,0.0,6.424586640463303e-09,1.793683395590051e-06,0.0,-6.585606626002827e-18,6460.546929762217,1053.4447802829743,905.3067227169673,0.0,1053.4447802829743,0.08760918985517252,8156.140043020248,6742.046593811036,0.00012974176206625998
-4.660890007279761e-10,48.140830516815186,6742.046593811036,226,0.0,-6.783801520526822e-09,1.7729040564518073e-06,0.0,-6.585606626002827e-18,6460.546929762217,1053.4447802829743,905.3067227169673,0.0,1053.4447802829743,0.08760918985517252,8204.41843342781,6742.046593811036,0.00011501979315653443
5.000273528565913e-10,46.76174974441528,6742.046593811036,227,0.0,2.7974444982703517e-10,1.606995965630631e-06,0.0,-6.585606626002827e-18,6460.546929762217,1053.4447802829743,905.3067227169673,0.0,1053.4447802829743,0.08760918985517252,8251.31331372261,6742.046593811036,0.00010807201033458114
2.415892208507131e-10,46.434502601623535,6742.046593811036,228,0.0,5.566278105106903e-09,1.6526952322237776e-06,0.0,-6.585606626002827e-18,6460.546929762217,1053.4447802829743,905.3067227169673,0.0,1053.4447802829743,0.08760918985517252,8297.919808864594,6742.046593811036,0.00011172916128998622
-2.5929727115459045e-11,47.06337285041809,6742.046593811036,229,0.0,1.0204314060402453e-09,1.6904248241189634e-06,0.0,-6.585606626002827e-18,6460.546929762217,1053.4447802829743,905.3067227169673,0.0,1053.4447802829743,0.08760918985517252,8345.134358644485,6742.046593811036,0.00011424071999499574
3.3623082096312373e-09,48.333521366119385,6742.046593811036,230,0.0,2.7211508601965306e-09,1.956806954694912e-06,0.0,-6.585606626002827e-18,6460.546929762217,1053.4447802829743,905.3067227169673,0.0,1053.4447802829743,0.08760918985517252,8393.611075401306,6742.046593811036,0.00015231955330818892
-2.0370069520048162e-10,48.251041412353516,6742.046593811036,231,0.0,-4.259745056689468e-10,2.3285240331460955e-06,0.0,-6.585606626002827e-18,6460.546929762217,1053.4447802829743,905.3067227169673,0.0,1053.4447802829743,0.08760918985517252,8442.011805534363,6742.046593811036,0.00013399531599134207
5.490226606674753e-10,49.36034178733826,6742.046593811036,232,0.0,2.0726524940783975e-09,2.2338567760016304e-06,0.0,-6.585606626002827e-18,6460.546929762217,1053.4447802829743,905.3067227169673,0.0,1053.4447802829743,0.08760918985517252,8491.51627278328,6742.046593811036,0.00012055590195814148
                                                                                                                                                                                                                                                                                                        